,Unnamed: 0.4,Unnamed: 0.3,Unnamed: 0.2,Unnamed: 0.1,Unnamed: 0,player_id_x,display_team_name,year_x,primary_pos_formatted,fielding_runs_prevented,outs_above_average_x,outs_above_average_infront,outs_above_average_lateral_toward3bline,outs_above_average_lateral_toward1bline,outs_above_average_behind,outs_above_average_rhh,outs_above_average_lhh,age,competitive_runs,bolts,hp_to_1b,sprint_speed,resp_fielder_id,year_y,outs_above_average_y,outs_per_play,rel_league_burst_distance,rel_league_reaction_distance,rel_league_routing_distance,rel_league_bootup_distance,f_bootup_distance,n,n_outs
0,0,0,0,0,0,,,,,,,,,,,,,0.0476190476190476,0.1162079510703364,0.2459016393442623,,1.0,,,,,,,,,,,
1,1,1,1,1,1,,,,,,,,,,,,,0.0952380952380951,0.0244648318042813,0.0737704918032787,,0.9764705882352942,,,,,,,,,,,
2,2,2,2,2,2,,,,,,,,,,,,,0.0952380952380951,0.581039755351682,1.0000000000000002,0.0841121495327108,0.9647058823529412,,,,,,,,,,,
3,3,3,3,3,3,,,,,,,,,,,,,0.476190476190476,0.1162079510703364,0.1393442622950819,0.0934579439252338,0.8941176470588235,,,,,,,,,,,
4,4,4,4,4,4,,,,,,,,,,,,,0.4285714285714286,0.3211009174311927,0.4344262295081967,0.2149532710280377,0.8823529411764706,,,,,,,,,,,
5,5,5,5,5,5,,,,,,,,,,,,,0.2380952380952381,0.5443425076452599,0.6639344262295083,0.1869158878504673,0.8823529411764706,,,,,,,,,,,
6,6,6,6,6,6,,,,,,,,,,,,,0.1904761904761904,0.4311926605504587,0.6475409836065574,0.0467289719626173,0.8705882352941177,,,,,,,,,,,
7,7,7,7,7,7,,,,,,,,,,,,,0.476190476190476,0.0795107033639143,0.1065573770491803,0.1495327102803738,0.8705882352941177,,,,,,,,,,,
8,8,8,8,8,8,,,,,,,,,,,,,0.1904761904761904,0.1009174311926605,0.1721311475409836,0.1401869158878508,0.8705882352941177,,,,,,,,,,,
9,9,9,9,9,9,,,,,,,,,,,,,0.5238095238095237,0.036697247706422,0.0163934426229508,0.3177570093457946,0.8588235294117648,,,,,,,,,,,
10,10,10,10,10,10,,,,,,,,,,,,,0.1428571428571428,0.6146788990825688,0.5901639344262295,0.2056074766355142,0.8588235294117648,,,,,,,,,,,
11,11,11,11,11,11,,,,,,,,,,,,,0.2380952380952381,0.6972477064220184,0.4426229508196721,0.0654205607476634,0.8588235294117648,,,,,,,,,,,
12,12,12,12,12,12,,,,,,,,,,,,,0.5238095238095237,0.2507645259938838,0.2131147540983606,0.3271028037383177,0.8470588235294119,,,,,,,,,,,
13,13,13,13,13,13,,,,,,,,,,,,,0.3809523809523809,0.2354740061162079,0.2131147540983606,0.2056074766355142,0.8470588235294119,,,,,,,,,,,
14,14,14,14,14,14,,,,,,,,,,,,,0.0952380952380951,0.036697247706422,0.0245901639344262,,0.8470588235294119,,,,,,,,,,,
15,15,15,15,15,15,,,,,,,,,,,,,0.2857142857142858,0.8318042813455657,0.7459016393442623,0.1588785046728977,0.8470588235294119,,,,,,,,,,,
16,16,16,16,16,16,,,,,,,,,,,,,0.2380952380952381,0.6483180428134557,0.4344262295081967,0.1962616822429912,0.8470588235294119,,,,,,,,,,,
17,17,17,17,17,17,,,,,,,,,,,,,0.1904761904761904,0.3700305810397554,0.221311475409836,0.2056074766355142,0.835294117647059,,,,,,,,,,,
18,18,18,18,18,18,,,,,,,,,,,,,0.476190476190476,0.290519877675841,0.2786885245901639,0.1028037383177569,0.835294117647059,,,,,,,,,,,
19,19,19,19,19,19,,,,,,,,,,,,,0.1904761904761904,0.1559633027522935,0.0901639344262295,0.3831775700934576,0.835294117647059,,,,,,,,,,,
20,20,20,20,20,20,,,,,,,,,,,,,0.2380952380952381,0.0886850152905198,0.040983606557377,0.1869158878504673,0.8235294117647056,,,,,,,,,,,
21,21,21,21,21,21,,,,,,,,,,,,,0.4285714285714286,0.1559633027522935,0.1393442622950819,0.1121495327102803,0.8235294117647056,,,,,,,,,,,
22,22,22,22,22,22,,,,,,,,,,,,,0.2380952380952381,0.165137614678899,0.1639344262295081,0.1495327102803738,0.8117647058823532,,,,,,,,,,,
23,23,23,23,23,23,,,,,,,,,,,,,0.3333333333333332,0.0428134556574923,0.0327868852459016,,0.8117647058823532,,,,,,,,,,,
24,24,24,24,24,24,,,,,,,,,,,,,0.6666666666666667,0.4128440366972477,0.2868852459016393,0.1401869158878508,0.7999999999999998,,,,,,,,,,,
25,25,25,25,25,25,,,,,,,,,,,,,0.2380952380952381,0.0489296636085627,0.0245901639344262,,0.7999999999999998,,,,,,,,,,,
26,26,26,26,26,26,,,,,,,,,,,,,0.2857142857142858,0.1498470948012232,0.0163934426229508,0.3084112149532707,0.7999999999999998,,,,,,,,,,,
27,27,27,27,27,27,,,,,,,,,,,,,0.3333333333333332,0.0428134556574923,0.0245901639344262,,0.7999999999999998,,,,,,,,,,,
28,28,28,28,28,28,,,,,,,,,,,,,0.0476190476190476,0.0152905198776758,0.0327868852459016,,0.7882352941176474,,,,,,,,,,,
29,29,29,29,29,29,,,,,,,,,,,,,0.3809523809523809,0.7400611620795108,0.1639344262295081,0.2803738317757016,0.7882352941176474,,,,,,,,,,,
30,30,30,30,30,30,,,,,,,,,,,,,0.1904761904761904,0.691131498470948,0.1475409836065573,0.3738317757009346,0.7882352941176474,,,,,,,,,,,
31,31,31,31,31,31,,,,,,,,,,,,,0.3809523809523809,0.0030581039755351,,,0.7882352941176474,,,,,,,,,,,
32,32,32,32,32,32,,,,,,,,,,,,,0.1904761904761904,0.1070336391437308,0.0081967213114754,0.0747663551401869,0.7882352941176474,,,,,,,,,,,
33,33,33,33,33,33,,,,,,,,,,,,,0.2380952380952381,0.6972477064220184,0.2950819672131147,0.0093457943925239,0.7882352941176474,,,,,,,,,,,
34,34,34,34,34,34,,,,,,,,,,,,,0.3333333333333332,0.9602446483180428,0.7131147540983607,0.0,0.776470588235294,,,,,,,,,,,
35,35,35,35,35,35,,,,,,,,,,,,,0.4285714285714286,0.128440366972477,,0.1869158878504673,0.776470588235294,,,,,,,,,,,
36,36,36,36,36,36,,,,,,,,,,,,,0.3333333333333332,0.8990825688073395,0.0245901639344262,0.2990654205607477,0.776470588235294,,,,,,,,,,,
37,37,37,37,37,37,,,,,,,,,,,,,0.4285714285714286,0.7308868501529052,0.4508196721311475,0.2242990654205607,0.776470588235294,,,,,,,,,,,
38,38,38,38,38,38,,,,,,,,,,,,,0.2380952380952381,0.0795107033639143,0.0,0.3271028037383177,0.776470588235294,,,,,,,,,,,
39,39,39,39,39,39,,,,,,,,,,,,,0.4285714285714286,0.0978593272171253,0.0081967213114754,0.2523364485981312,0.7647058823529411,,,,,,,,,,,
40,40,40,40,40,40,,,,,,,,,,,,,0.3333333333333332,0.0856269113149847,0.0655737704918032,0.2523364485981312,0.7647058823529411,,,,,,,,,,,
41,41,41,41,41,41,,,,,,,,,,,,,0.3809523809523809,0.0581039755351682,,,0.7647058823529411,,,,,,,,,,,
42,42,42,42,42,42,,,,,,,,,,,,,0.5238095238095237,0.0672782874617737,0.0163934426229508,,0.7647058823529411,,,,,,,,,,,
43,43,43,43,43,43,,,,,,,,,,,,,0.2857142857142858,0.8379204892966361,0.1065573770491803,0.1401869158878508,0.7647058823529411,,,,,,,,,,,
44,44,44,44,44,44,,,,,,,,,,,,,0.1904761904761904,0.3944954128440367,0.1147540983606557,0.1588785046728977,0.7647058823529411,,,,,,,,,,,
45,45,45,45,45,45,,,,,,,,,,,,,0.2857142857142858,0.5871559633027523,0.1885245901639344,0.2616822429906542,0.7647058823529411,,,,,,,,,,,
46,46,46,46,46,46,,,,,,,,,,,,,0.1904761904761904,0.3149847094801223,0.1311475409836065,0.2803738317757016,0.7647058823529411,,,,,,,,,,,
47,47,47,47,47,47,,,,,,,,,,,,,0.1904761904761904,0.5412844036697247,0.0163934426229508,0.2336448598130847,0.7647058823529411,,,,,,,,,,,
48,48,48,48,48,48,,,,,,,,,,,,,0.2380952380952381,0.1896024464831804,,0.2803738317757016,0.7529411764705882,,,,,,,,,,,
49,49,49,49,49,49,,,,,,,,,,,,,0.5238095238095237,0.6850152905198778,0.3442622950819672,0.1028037383177569,0.7529411764705882,,,,,,,,,,,
50,50,50,50,50,50,,,,,,,,,,,,,0.1904761904761904,0.5412844036697247,0.0245901639344262,0.2803738317757016,0.7529411764705882,,,,,,,,,,,
51,51,51,51,51,51,,,,,,,,,,,,,0.2857142857142858,0.0856269113149847,0.0163934426229508,0.3644859813084116,0.7529411764705882,,,,,,,,,,,
52,52,52,52,52,52,,,,,,,,,,,,,0.3809523809523809,0.0458715596330275,0.0163934426229508,,0.7529411764705882,,,,,,,,,,,
53,53,53,53,53,53,,,,,,,,,,,,,0.2380952380952381,0.45565749235474,0.1147540983606557,0.2523364485981312,0.7529411764705882,,,,,,,,,,,
54,54,54,54,54,54,,,,,,,,,,,,,0.476190476190476,0.2660550458715596,0.0327868852459016,0.2523364485981312,0.7529411764705882,,,,,,,,,,,
55,55,55,55,55,55,,,,,,,,,,,,,0.3809523809523809,0.2477064220183486,0.0,0.1214953271028043,0.7529411764705882,,,,,,,,,,,
56,56,56,56,56,56,,,,,,,,,,,,,0.0952380952380951,0.0948012232415902,0.0573770491803278,,0.7529411764705882,,,,,,,,,,,
57,57,57,57,57,57,,,,,,,,,,,,,0.2857142857142858,0.018348623853211,,,0.7529411764705882,,,,,,,,,,,
58,58,58,58,58,58,,,,,,,,,,,,,0.3809523809523809,0.0305810397553516,,,0.7529411764705882,,,,,,,,,,,
59,59,59,59,59,59,,,,,,,,,,,,,0.1904761904761904,0.0703363914373088,,0.4205607476635515,0.7529411764705882,,,,,,,,,,,
60,60,60,60,60,60,,,,,,,,,,,,,0.5714285714285714,0.2752293577981651,0.0163934426229508,0.2523364485981312,0.7529411764705882,,,,,,,,,,,
61,61,61,61,61,61,,,,,,,,,,,,,0.1904761904761904,0.4342507645259939,0.0573770491803278,0.2616822429906542,0.7529411764705882,,,,,,,,,,,
62,62,62,62,62,62,,,,,,,,,,,,,0.2380952380952381,0.8042813455657493,0.2786885245901639,0.1962616822429912,0.7411764705882353,,,,,,,,,,,
63,63,63,63,63,63,,,,,,,,,,,,,0.1428571428571428,0.3058103975535168,,0.3831775700934576,0.7411764705882353,,,,,,,,,,,
64,64,64,64,64,64,,,,,,,,,,,,,0.0952380952380951,0.6697247706422018,0.1147540983606557,0.2056074766355142,0.7411764705882353,,,,,,,,,,,
65,65,65,65,65,65,,,,,,,,,,,,,0.4285714285714286,0.6880733944954128,0.0327868852459016,0.3738317757009346,0.7411764705882353,,,,,,,,,,,
66,66,66,66,66,66,,,,,,,,,,,,,0.1428571428571428,0.7064220183486238,0.2704918032786885,0.2803738317757016,0.7411764705882353,,,,,,,,,,,
67,67,67,67,67,67,,,,,,,,,,,,,0.2857142857142858,0.7186544342507646,0.0901639344262295,0.2990654205607477,0.7411764705882353,,,,,,,,,,,
68,68,68,68,68,68,,,,,,,,,,,,,0.2857142857142858,0.3547400611620795,0.0163934426229508,0.2897196261682246,0.7294117647058824,,,,,,,,,,,
69,69,69,69,69,69,,,,,,,,,,,,,0.1904761904761904,0.0581039755351682,0.0,,0.7294117647058824,,,,,,,,,,,
70,70,70,70,70,70,,,,,,,,,,,,,0.3333333333333332,0.6391437308868502,0.0327868852459016,0.2056074766355142,0.7294117647058824,,,,,,,,,,,
71,71,71,71,71,71,,,,,,,,,,,,,0.2380952380952381,0.1039755351681957,,0.2056074766355142,0.7294117647058824,,,,,,,,,,,
72,72,72,72,72,72,,,,,,,,,,,,,0.4285714285714286,0.4801223241590214,0.2131147540983606,0.2990654205607477,0.7294117647058824,,,,,,,,,,,
73,73,73,73,73,73,,,,,,,,,,,,,0.3809523809523809,0.2966360856269113,0.0983606557377049,0.2429906542056077,0.7294117647058824,,,,,,,,,,,
74,74,74,74,74,74,,,,,,,,,,,,,0.1428571428571428,0.5137614678899083,0.0081967213114754,0.2803738317757016,0.7294117647058824,,,,,,,,,,,
75,75,75,75,75,75,,,,,,,,,,,,,0.3333333333333332,0.1865443425076452,0.0081967213114754,0.4112149532710285,0.7294117647058824,,,,,,,,,,,
76,76,76,76,76,76,,,,,,,,,,,,,0.1428571428571428,0.5045871559633027,0.0163934426229508,0.2336448598130847,0.7294117647058824,,,,,,,,,,,
77,77,77,77,77,77,,,,,,,,,,,,,0.1428571428571428,0.0091743119266055,,,0.7294117647058824,,,,,,,,,,,
78,78,78,78,78,78,,,,,,,,,,,,,0.1904761904761904,0.0152905198776758,,,0.7294117647058824,,,,,,,,,,,
79,79,79,79,79,79,,,,,,,,,,,,,0.1904761904761904,0.2691131498470948,,0.2990654205607477,0.7294117647058824,,,,,,,,,,,
80,80,80,80,80,80,,,,,,,,,,,,,0.1428571428571428,0.7400611620795108,0.2950819672131147,0.1682242990654208,0.7176470588235295,,,,,,,,,,,
81,81,81,81,81,81,,,,,,,,,,,,,0.2380952380952381,0.0948012232415902,0.0081967213114754,0.2616822429906542,0.7176470588235295,,,,,,,,,,,
82,82,82,82,82,82,,,,,,,,,,,,,0.2380952380952381,0.5779816513761468,0.0573770491803278,0.2897196261682246,0.7176470588235295,,,,,,,,,,,
83,83,83,83,83,83,,,,,,,,,,,,,0.476190476190476,0.055045871559633,0.0573770491803278,,0.7176470588235295,,,,,,,,,,,
84,84,84,84,84,84,,,,,,,,,,,,,0.3809523809523809,0.5718654434250765,0.0491803278688524,0.3551401869158885,0.7176470588235295,,,,,,,,,,,
85,85,85,85,85,85,,,,,,,,,,,,,0.1904761904761904,0.1559633027522935,,0.3644859813084116,0.7176470588235295,,,,,,,,,,,
86,86,86,86,86,86,,,,,,,,,,,,,0.2857142857142858,0.2996941896024465,0.0491803278688524,0.2429906542056077,0.7176470588235295,,,,,,,,,,,
87,87,87,87,87,87,,,,,,,,,,,,,0.1428571428571428,0.4495412844036697,0.0327868852459016,0.2336448598130847,0.7176470588235295,,,,,,,,,,,
88,88,88,88,88,88,,,,,,,,,,,,,0.2380952380952381,0.9204892966360856,0.5573770491803279,0.1214953271028043,0.7176470588235295,,,,,,,,,,,
89,89,89,89,89,89,,,,,,,,,,,,,0.0476190476190476,0.5596330275229358,0.0163934426229508,0.2710280373831772,0.7176470588235295,,,,,,,,,,,
90,90,90,90,90,90,,,,,,,,,,,,,0.1904761904761904,0.3027522935779816,0.0245901639344262,0.3551401869158885,0.7176470588235295,,,,,,,,,,,
91,91,91,91,91,91,,,,,,,,,,,,,0.4285714285714286,0.7003058103975536,0.0163934426229508,0.3364485981308416,0.7058823529411762,,,,,,,,,,,
92,92,92,92,92,92,,,,,,,,,,,,,0.2380952380952381,0.5107033639143731,,0.3738317757009346,0.7058823529411762,,,,,,,,,,,
93,93,93,93,93,93,,,,,,,,,,,,,0.2380952380952381,0.6850152905198778,0.0163934426229508,0.2336448598130847,0.7058823529411762,,,,,,,,,,,
94,94,94,94,94,94,,,,,,,,,,,,,0.3809523809523809,0.5474006116207951,,0.3738317757009346,0.7058823529411762,,,,,,,,,,,
95,95,95,95,95,95,,,,,,,,,,,,,0.5238095238095237,0.363914373088685,0.0327868852459016,0.2149532710280377,0.7058823529411762,,,,,,,,,,,
96,96,96,96,96,96,,,,,,,,,,,,,0.6190476190476191,0.2752293577981651,0.0491803278688524,0.2616822429906542,0.7058823529411762,,,,,,,,,,,
97,97,97,97,97,97,,,,,,,,,,,,,0.2380952380952381,0.691131498470948,0.0163934426229508,0.2616822429906542,0.7058823529411762,,,,,,,,,,,
98,98,98,98,98,98,,,,,,,,,,,,,0.4285714285714286,0.7064220183486238,0.1557377049180328,0.3271028037383177,0.7058823529411762,,,,,,,,,,,
99,99,99,99,99,99,,,,,,,,,,,,,0.3333333333333332,0.0764525993883792,,0.2616822429906542,0.7058823529411762,,,,,,,,,,,
100,100,100,100,100,100,,,,,,,,,,,,,0.3809523809523809,0.2660550458715596,0.0245901639344262,0.2056074766355142,0.7058823529411762,,,,,,,,,,,
101,101,101,101,101,101,,,,,,,,,,,,,0.2857142857142858,0.5657492354740061,0.0081967213114754,0.3177570093457946,0.7058823529411762,,,,,,,,,,,
102,102,102,102,102,102,,,,,,,,,,,,,0.2380952380952381,0.2477064220183486,0.0245901639344262,0.2803738317757016,0.7058823529411762,,,,,,,,,,,
103,103,103,103,103,103,,,,,,,,,,,,,0.3333333333333332,1.0,0.3360655737704918,0.2149532710280377,0.7058823529411762,,,,,,,,,,,
104,104,104,104,104,104,,,,,,,,,,,,,0.2380952380952381,0.363914373088685,0.0327868852459016,0.2149532710280377,0.7058823529411762,,,,,,,,,,,
105,105,105,105,105,105,,,,,,,,,,,,,0.2380952380952381,0.345565749235474,0.0081967213114754,0.5233644859813085,0.7058823529411762,,,,,,,,,,,
106,106,106,106,106,106,,,,,,,,,,,,,0.3333333333333332,0.1131498470948012,,0.3271028037383177,0.6941176470588237,,,,,,,,,,,
107,107,107,107,107,107,,,,,,,,,,,,,0.2380952380952381,0.1926605504587155,,0.3457943925233646,0.6941176470588237,,,,,,,,,,,
108,108,108,108,108,108,,,,,,,,,,,,,0.1904761904761904,0.5779816513761468,0.1557377049180328,0.2056074766355142,0.6941176470588237,,,,,,,,,,,
109,109,109,109,109,109,,,,,,,,,,,,,0.0952380952380951,0.908256880733945,0.0163934426229508,0.2429906542056077,0.6941176470588237,,,,,,,,,,,
110,110,110,110,110,110,,,,,,,,,,,,,0.0,0.5045871559633027,0.0081967213114754,0.3738317757009346,0.6941176470588237,,,,,,,,,,,
111,111,111,111,111,111,,,,,,,,,,,,,0.1428571428571428,0.1865443425076452,0.0081967213114754,0.4018691588785055,0.6941176470588237,,,,,,,,,,,
112,112,112,112,112,112,,,,,,,,,,,,,0.476190476190476,0.0214067278287461,,,0.6941176470588237,,,,,,,,,,,
113,113,113,113,113,113,,,,,,,,,,,,,0.3333333333333332,0.0061162079510703,,,0.6941176470588237,,,,,,,,,,,
114,114,114,114,114,114,,,,,,,,,,,,,0.4285714285714286,0.0795107033639143,0.0,0.3644859813084116,0.6941176470588237,,,,,,,,,,,
115,115,115,115,115,115,,,,,,,,,,,,,0.5714285714285714,0.0244648318042813,,,0.6823529411764704,,,,,,,,,,,
116,116,116,116,116,116,,,,,,,,,,,,,0.2857142857142858,0.4984709480122324,0.0,0.3551401869158885,0.6823529411764704,,,,,,,,,,,
117,117,117,117,117,117,,,,,,,,,,,,,0.1904761904761904,0.5198776758409787,0.040983606557377,0.4392523364485985,0.6823529411764704,,,,,,,,,,,
118,118,118,118,118,118,,,,,,,,,,,,,0.6190476190476191,0.1987767584097859,0.0491803278688524,0.2616822429906542,0.6823529411764704,,,,,,,,,,,
119,119,119,119,119,119,,,,,,,,,,,,,0.6666666666666667,0.4709480122324159,0.0081967213114754,0.5233644859813085,0.6823529411764704,,,,,,,,,,,
120,120,120,120,120,120,,,,,,,,,,,,,0.0952380952380951,0.1926605504587155,0.0163934426229508,0.3925233644859816,0.6823529411764704,,,,,,,,,,,
121,121,121,121,121,121,,,,,,,,,,,,,0.0952380952380951,0.0886850152905198,,,0.6823529411764704,,,,,,,,,,,
122,122,122,122,122,122,,,,,,,,,,,,,0.1904761904761904,0.327217125382263,,0.2710280373831772,0.6823529411764704,,,,,,,,,,,
123,123,123,123,123,123,,,,,,,,,,,,,0.3809523809523809,0.5657492354740061,0.0,0.4392523364485985,0.6823529411764704,,,,,,,,,,,
124,124,124,124,124,124,,,,,,,,,,,,,0.1904761904761904,0.7033639143730888,,0.3644859813084116,0.6823529411764704,,,,,,,,,,,
125,125,125,125,125,125,,,,,,,,,,,,,0.0476190476190476,0.036697247706422,,,0.6823529411764704,,,,,,,,,,,
126,126,126,126,126,126,,,,,,,,,,,,,0.4285714285714286,0.4281345565749235,,0.2897196261682246,0.6823529411764704,,,,,,,,,,,
127,127,127,127,127,127,,,,,,,,,,,,,0.5238095238095237,0.201834862385321,0.0,0.4112149532710285,0.6823529411764704,,,,,,,,,,,
128,128,128,128,128,128,,,,,,,,,,,,,0.6190476190476191,0.5259938837920489,0.0081967213114754,0.1682242990654208,0.6823529411764704,,,,,,,,,,,
129,129,129,129,129,129,,,,,,,,,,,,,0.0476190476190476,0.5626911314984709,0.0491803278688524,0.2429906542056077,0.6823529411764704,,,,,,,,,,,
130,130,130,130,130,130,,,,,,,,,,,,,0.6190476190476191,0.5321100917431193,,0.2803738317757016,0.6705882352941179,,,,,,,,,,,
131,131,131,131,131,131,,,,,,,,,,,,,0.3809523809523809,0.0091743119266055,,,0.6823529411764704,,,,,,,,,,,
132,132,132,132,132,132,,,,,,,,,,,,,0.4285714285714286,0.3180428134556575,,0.4205607476635515,0.6705882352941179,,,,,,,,,,,
133,133,133,133,133,133,,,,,,,,,,,,,0.3333333333333332,0.3241590214067278,0.0245901639344262,0.2990654205607477,0.6705882352941179,,,,,,,,,,,
134,134,134,134,134,134,,,,,,,,,,,,,0.0476190476190476,0.327217125382263,0.0163934426229508,0.2990654205607477,0.6705882352941179,,,,,,,,,,,
135,135,135,135,135,135,,,,,,,,,,,,,0.6190476190476191,0.437308868501529,0.0,0.2990654205607477,0.6705882352941179,,,,,,,,,,,
136,136,136,136,136,136,,,,,,,,,,,,,0.5714285714285714,0.1162079510703364,,0.4205607476635515,0.6705882352941179,,,,,,,,,,,
137,137,137,137,137,137,,,,,,,,,,,,,0.2380952380952381,0.0611620795107033,,,0.6705882352941179,,,,,,,,,,,
138,138,138,138,138,138,,,,,,,,,,,,,0.7142857142857142,0.1314984709480122,,0.3271028037383177,0.6705882352941179,,,,,,,,,,,
139,139,139,139,139,139,,,,,,,,,,,,,0.7142857142857142,0.1009174311926605,0.0,0.3831775700934576,0.6705882352941179,,,,,,,,,,,
140,140,140,140,140,140,,,,,,,,,,,,,0.4285714285714286,0.6636085626911316,,0.4205607476635515,0.6705882352941179,,,,,,,,,,,
141,141,141,141,141,141,,,,,,,,,,,,,0.0952380952380951,0.1253822629969418,,0.2523364485981312,0.6588235294117646,,,,,,,,,,,
142,142,142,142,142,142,,,,,,,,,,,,,0.2857142857142858,0.2293577981651376,,0.5327102803738315,0.6588235294117646,,,,,,,,,,,
143,143,143,143,143,143,,,,,,,,,,,,,0.0952380952380951,0.3944954128440367,,0.3271028037383177,0.6588235294117646,,,,,,,,,,,
144,144,144,144,144,144,,,,,,,,,,,,,0.3333333333333332,0.0458715596330275,,0.3271028037383177,0.6588235294117646,,,,,,,,,,,
145,145,145,145,145,145,,,,,,,,,,,,,0.0476190476190476,0.5168195718654435,0.0081967213114754,0.3925233644859816,0.6588235294117646,,,,,,,,,,,
146,146,146,146,146,146,,,,,,,,,,,,,0.476190476190476,0.1865443425076452,0.0081967213114754,0.4859813084112154,0.6588235294117646,,,,,,,,,,,
147,147,147,147,147,147,,,,,,,,,,,,,0.2857142857142858,0.0244648318042813,,,0.6588235294117646,,,,,,,,,,,
148,148,148,148,148,148,,,,,,,,,,,,,0.3333333333333332,0.4984709480122324,,0.5327102803738315,0.6588235294117646,,,,,,,,,,,
149,149,149,149,149,149,,,,,,,,,,,,,0.5714285714285714,0.4740061162079511,0.0,0.1588785046728977,0.6588235294117646,,,,,,,,,,,
150,150,150,150,150,150,,,,,,,,,,,,,0.5238095238095237,0.2079510703363914,,0.3738317757009346,0.6588235294117646,,,,,,,,,,,
151,151,151,151,151,151,,,,,,,,,,,,,0.1904761904761904,0.018348623853211,,,0.6588235294117646,,,,,,,,,,,
152,152,152,152,152,152,,,,,,,,,,,,,0.1904761904761904,0.7584097859327218,0.0081967213114754,0.1495327102803738,0.6588235294117646,,,,,,,,,,,
153,153,153,153,153,153,,,,,,,,,,,,,0.8095238095238095,0.5015290519877676,,0.3644859813084116,0.6588235294117646,,,,,,,,,,,
154,154,154,154,154,154,,,,,,,,,,,,,0.1904761904761904,0.2599388379204893,,0.4579439252336446,0.6588235294117646,,,,,,,,,,,
155,155,155,155,155,155,,,,,,,,,,,,,0.1428571428571428,0.0214067278287461,,,0.6588235294117646,,,,,,,,,,,
156,156,156,156,156,156,,,,,,,,,,,,,0.2857142857142858,0.5718654434250765,,0.3831775700934576,0.6588235294117646,,,,,,,,,,,
157,157,157,157,157,157,,,,,,,,,,,,,0.476190476190476,0.0214067278287461,0.0081967213114754,,0.6588235294117646,,,,,,,,,,,
158,158,158,158,158,158,,,,,,,,,,,,,0.3333333333333332,0.6269113149847095,,0.3364485981308416,0.6588235294117646,,,,,,,,,,,
159,159,159,159,159,159,,,,,,,,,,,,,0.1904761904761904,0.0764525993883792,0.0,,0.6588235294117646,,,,,,,,,,,
160,160,160,160,160,160,,,,,,,,,,,,,0.1904761904761904,0.2599388379204893,,0.4112149532710285,0.6470588235294117,,,,,,,,,,,
161,161,161,161,161,161,,,,,,,,,,,,,0.5238095238095237,0.8470948012232417,0.1885245901639344,0.2616822429906542,0.6470588235294117,,,,,,,,,,,
162,162,162,162,162,162,,,,,,,,,,,,,0.0476190476190476,0.073394495412844,,0.4299065420560755,0.6470588235294117,,,,,,,,,,,
163,163,163,163,163,163,,,,,,,,,,,,,0.1428571428571428,0.5535168195718655,0.0819672131147541,0.1682242990654208,0.6470588235294117,,,,,,,,,,,
164,164,164,164,164,164,,,,,,,,,,,,,0.2857142857142858,0.018348623853211,,,0.6470588235294117,,,,,,,,,,,
165,165,165,165,165,165,,,,,,,,,,,,,0.1904761904761904,0.1590214067278287,0.0,0.2242990654205607,0.6470588235294117,,,,,,,,,,,
166,166,166,166,166,166,,,,,,,,,,,,,0.8095238095238095,0.0611620795107033,,0.2990654205607477,0.6470588235294117,,,,,,,,,,,
167,167,167,167,167,167,,,,,,,,,,,,,0.3809523809523809,0.6941896024464832,,0.3177570093457946,0.6470588235294117,,,,,,,,,,,
168,168,168,168,168,168,,,,,,,,,,,,,0.3333333333333332,0.5137614678899083,0.0,0.3831775700934576,0.6470588235294117,,,,,,,,,,,
169,169,169,169,169,169,,,,,,,,,,,,,0.1428571428571428,0.3149847094801223,,0.3177570093457946,0.6470588235294117,,,,,,,,,,,
170,170,170,170,170,170,,,,,,,,,,,,,1.0,0.6085626911314985,0.0,0.0747663551401869,0.6470588235294117,,,,,,,,,,,
171,171,171,171,171,171,,,,,,,,,,,,,0.3809523809523809,0.3180428134556575,0.0245901639344262,0.3831775700934576,0.6470588235294117,,,,,,,,,,,
172,172,172,172,172,172,,,,,,,,,,,,,0.2857142857142858,0.073394495412844,,0.3457943925233646,0.6470588235294117,,,,,,,,,,,
173,173,173,173,173,173,,,,,,,,,,,,,0.476190476190476,0.0458715596330275,,,0.6470588235294117,,,,,,,,,,,
174,174,174,174,174,174,,,,,,,,,,,,,0.4285714285714286,0.1070336391437308,,0.3084112149532707,0.6470588235294117,,,,,,,,,,,
175,175,175,175,175,175,,,,,,,,,,,,,0.2857142857142858,0.1987767584097859,,0.4205607476635515,0.6352941176470588,,,,,,,,,,,
176,176,176,176,176,176,,,,,,,,,,,,,0.3809523809523809,0.3792048929663609,,0.3457943925233646,0.6352941176470588,,,,,,,,,,,
177,177,177,177,177,177,,,,,,,,,,,,,0.3809523809523809,0.0305810397553516,,,0.6352941176470588,,,,,,,,,,,
178,178,178,178,178,178,,,,,,,,,,,,,0.5714285714285714,0.5168195718654435,0.0,0.2990654205607477,0.6352941176470588,,,,,,,,,,,
179,179,179,179,179,179,,,,,,,,,,,,,0.1428571428571428,0.0703363914373088,0.0,0.4392523364485985,0.6352941176470588,,,,,,,,,,,
180,180,180,180,180,180,,,,,,,,,,,,,0.3809523809523809,0.5565749235474007,,0.3738317757009346,0.6352941176470588,,,,,,,,,,,
181,181,181,181,181,181,,,,,,,,,,,,,0.3809523809523809,0.5412844036697247,,0.2897196261682246,0.6352941176470588,,,,,,,,,,,
182,182,182,182,182,182,,,,,,,,,,,,,0.0952380952380951,0.1987767584097859,,0.5887850467289724,0.6352941176470588,,,,,,,,,,,
183,183,183,183,183,183,,,,,,,,,,,,,0.476190476190476,0.2568807339449541,,0.3364485981308416,0.6352941176470588,,,,,,,,,,,
184,184,184,184,184,184,,,,,,,,,,,,,0.476190476190476,0.055045871559633,,0.3457943925233646,0.6352941176470588,,,,,,,,,,,
185,185,185,185,185,185,,,,,,,,,,,,,0.2857142857142858,0.8470948012232417,0.0655737704918032,0.4205607476635515,0.6235294117647059,,,,,,,,,,,
186,186,186,186,186,186,,,,,,,,,,,,,0.6666666666666667,0.0305810397553516,,0.2523364485981312,0.6235294117647059,,,,,,,,,,,
187,187,187,187,187,187,,,,,,,,,,,,,0.1428571428571428,0.5718654434250765,,0.3738317757009346,0.6235294117647059,,,,,,,,,,,
188,188,188,188,188,188,,,,,,,,,,,,,0.5238095238095237,0.3547400611620795,,0.3738317757009346,0.6235294117647059,,,,,,,,,,,
189,189,189,189,189,189,,,,,,,,,,,,,0.2380952380952381,0.0214067278287461,,,0.6235294117647059,,,,,,,,,,,
190,190,190,190,190,190,,,,,,,,,,,,,0.3809523809523809,0.4709480122324159,,0.3831775700934576,0.6235294117647059,,,,,,,,,,,
191,191,191,191,191,191,,,,,,,,,,,,,0.5238095238095237,0.3486238532110092,,0.3177570093457946,0.6235294117647059,,,,,,,,,,,
192,192,192,192,192,192,,,,,,,,,,,,,0.2380952380952381,0.4954128440366973,0.0081967213114754,0.3177570093457946,0.6235294117647059,,,,,,,,,,,
193,193,193,193,193,193,,,,,,,,,,,,,0.2857142857142858,0.018348623853211,,,0.6235294117647059,,,,,,,,,,,
194,194,194,194,194,194,,,,,,,,,,,,,0.2857142857142858,0.0642201834862385,,0.5327102803738315,0.6235294117647059,,,,,,,,,,,
195,195,195,195,195,195,,,,,,,,,,,,,0.0952380952380951,0.6085626911314985,0.0,0.3364485981308416,0.6235294117647059,,,,,,,,,,,
196,196,196,196,196,196,,,,,,,,,,,,,0.2380952380952381,0.3577981651376147,,0.4579439252336446,0.6235294117647059,,,,,,,,,,,
197,197,197,197,197,197,,,,,,,,,,,,,0.6666666666666667,0.3700305810397554,0.0,0.4766355140186924,0.6235294117647059,,,,,,,,,,,
198,198,198,198,198,198,,,,,,,,,,,,,0.6666666666666667,0.5779816513761468,,0.2897196261682246,0.6235294117647059,,,,,,,,,,,
199,199,199,199,199,199,,,,,,,,,,,,,0.1428571428571428,0.3883792048929664,,0.5046728971962615,0.6235294117647059,,,,,,,,,,,
200,200,200,200,200,200,,,,,,,,,,,,,0.0952380952380951,0.073394495412844,,0.4766355140186924,0.611764705882353,,,,,,,,,,,
201,201,201,201,201,201,,,,,,,,,,,,,0.6190476190476191,0.3486238532110092,,0.3738317757009346,0.6235294117647059,,,,,,,,,,,
202,202,202,202,202,202,,,,,,,,,,,,,0.3333333333333332,0.6452599388379205,,0.3925233644859816,0.6235294117647059,,,,,,,,,,,
203,203,203,203,203,203,,,,,,,,,,,,,0.5238095238095237,0.0642201834862385,,0.3271028037383177,0.611764705882353,,,,,,,,,,,
204,204,204,204,204,204,,,,,,,,,,,,,0.6666666666666667,0.1804281345565749,,0.4112149532710285,0.611764705882353,,,,,,,,,,,
205,205,205,205,205,205,,,,,,,,,,,,,0.2380952380952381,0.2446483180428134,,0.3738317757009346,0.611764705882353,,,,,,,,,,,
206,206,206,206,206,206,,,,,,,,,,,,,0.6190476190476191,0.1131498470948012,,0.3644859813084116,0.611764705882353,,,,,,,,,,,
207,207,207,207,207,207,,,,,,,,,,,,,0.2380952380952381,0.2782874617737003,,0.3457943925233646,0.611764705882353,,,,,,,,,,,
208,208,208,208,208,208,,,,,,,,,,,,,0.3809523809523809,0.128440366972477,0.0,0.3831775700934576,0.611764705882353,,,,,,,,,,,
209,209,209,209,209,209,,,,,,,,,,,,,0.0952380952380951,0.1437308868501529,,0.4766355140186924,0.611764705882353,,,,,,,,,,,
210,210,210,210,210,210,,,,,,,,,,,,,0.1428571428571428,0.0122324159021406,,,0.6000000000000001,,,,,,,,,,,
211,211,211,211,211,211,,,,,,,,,,,,,0.4285714285714286,0.0152905198776758,,,0.6000000000000001,,,,,,,,,,,
212,212,212,212,212,212,,,,,,,,,,,,,0.3333333333333332,0.437308868501529,0.0,0.3644859813084116,0.6000000000000001,,,,,,,,,,,
213,213,213,213,213,213,,,,,,,,,,,,,0.3809523809523809,0.0,,,0.6000000000000001,,,,,,,,,,,
214,214,214,214,214,214,,,,,,,,,,,,,0.2857142857142858,0.0,,,0.6000000000000001,,,,,,,,,,,
215,215,215,215,215,215,,,,,,,,,,,,,0.2380952380952381,0.018348623853211,,,0.6000000000000001,,,,,,,,,,,
216,216,216,216,216,216,,,,,,,,,,,,,0.3333333333333332,0.0,,,0.6000000000000001,,,,,,,,,,,
217,217,217,217,217,217,,,,,,,,,,,,,0.2857142857142858,0.0244648318042813,,,0.6000000000000001,,,,,,,,,,,
218,218,218,218,218,218,,,,,,,,,,,,,0.2380952380952381,0.8501529051987767,,0.4018691588785055,0.6000000000000001,,,,,,,,,,,
219,219,219,219,219,219,,,,,,,,,,,,,0.2380952380952381,0.0489296636085627,,,0.6000000000000001,,,,,,,,,,,
220,220,220,220,220,220,,,,,,,,,,,,,0.3809523809523809,0.1314984709480122,,0.2056074766355142,0.6000000000000001,,,,,,,,,,,
221,221,221,221,221,221,,,,,,,,,,,,,0.7619047619047619,0.4403669724770642,,0.3551401869158885,0.6000000000000001,,,,,,,,,,,
222,222,222,222,222,222,,,,,,,,,,,,,0.3809523809523809,0.0581039755351682,,,0.6000000000000001,,,,,,,,,,,
223,223,223,223,223,223,,,,,,,,,,,,,0.3809523809523809,0.0428134556574923,,0.2523364485981312,0.6000000000000001,,,,,,,,,,,
224,224,224,224,224,224,,,,,,,,,,,,,0.3333333333333332,0.1620795107033639,,0.2803738317757016,0.6000000000000001,,,,,,,,,,,
225,225,225,225,225,225,,,,,,,,,,,,,0.5714285714285714,0.6085626911314985,,0.2523364485981312,0.6000000000000001,,,,,,,,,,,
226,226,226,226,226,226,,,,,,,,,,,,,0.2857142857142858,0.5107033639143731,,0.2990654205607477,0.6000000000000001,,,,,,,,,,,
227,227,227,227,227,227,,,,,,,,,,,,,0.5238095238095237,0.5168195718654435,0.0327868852459016,0.3925233644859816,0.6000000000000001,,,,,,,,,,,
228,228,228,228,228,228,,,,,,,,,,,,,0.1904761904761904,0.6972477064220184,,0.2803738317757016,0.6000000000000001,,,,,,,,,,,
229,229,229,229,229,229,,,,,,,,,,,,,0.3809523809523809,0.2354740061162079,,0.5140186915887854,0.6000000000000001,,,,,,,,,,,
230,230,230,230,230,230,,,,,,,,,,,,,0.2380952380952381,0.0642201834862385,,0.5887850467289724,0.5882352941176467,,,,,,,,,,,
231,231,231,231,231,231,,,,,,,,,,,,,0.6190476190476191,0.3241590214067278,,0.4485981308411215,0.5882352941176467,,,,,,,,,,,
232,232,232,232,232,232,,,,,,,,,,,,,0.2857142857142858,0.0428134556574923,,,0.5882352941176467,,,,,,,,,,,
233,233,233,233,233,233,,,,,,,,,,,,,0.3809523809523809,0.2171253822629969,,0.5607476635514024,0.5882352941176467,,,,,,,,,,,
234,234,234,234,234,234,,,,,,,,,,,,,0.3333333333333332,0.6850152905198778,0.0163934426229508,0.4859813084112154,0.5882352941176467,,,,,,,,,,,
235,235,235,235,235,235,,,,,,,,,,,,,0.2857142857142858,0.400611620795107,,0.3364485981308416,0.5882352941176467,,,,,,,,,,,
236,236,236,236,236,236,,,,,,,,,,,,,0.3809523809523809,0.6941896024464832,,0.5140186915887854,0.5882352941176467,,,,,,,,,,,
237,237,237,237,237,237,,,,,,,,,,,,,0.1904761904761904,0.0152905198776758,,,0.5882352941176467,,,,,,,,,,,
238,238,238,238,238,238,,,,,,,,,,,,,0.2380952380952381,0.2721712538226299,,0.4018691588785055,0.5882352941176467,,,,,,,,,,,
239,239,239,239,239,239,,,,,,,,,,,,,0.3333333333333332,0.1009174311926605,0.0,0.3177570093457946,0.5882352941176467,,,,,,,,,,,
240,240,240,240,240,240,,,,,,,,,,,,,0.6666666666666667,0.0825688073394495,,0.5607476635514024,0.5882352941176467,,,,,,,,,,,
241,241,241,241,241,241,,,,,,,,,,,,,0.3809523809523809,0.1559633027522935,0.0,0.4392523364485985,0.5882352941176467,,,,,,,,,,,
242,242,242,242,242,242,,,,,,,,,,,,,0.1904761904761904,0.0581039755351682,0.0,0.4859813084112154,0.5882352941176467,,,,,,,,,,,
243,243,243,243,243,243,,,,,,,,,,,,,0.0952380952380951,0.7553516819571866,,0.5140186915887854,0.5882352941176467,,,,,,,,,,,
244,244,244,244,244,244,,,,,,,,,,,,,0.3809523809523809,0.9174311926605504,,0.3925233644859816,0.5882352941176467,,,,,,,,,,,
245,245,245,245,245,245,,,,,,,,,,,,,0.4285714285714286,0.6269113149847095,,0.4579439252336446,0.5882352941176467,,,,,,,,,,,
246,246,246,246,246,246,,,,,,,,,,,,,0.3809523809523809,0.1896024464831804,0.0,0.3738317757009346,0.5882352941176467,,,,,,,,,,,
247,247,247,247,247,247,,,,,,,,,,,,,0.3809523809523809,0.18348623853211,,0.4766355140186924,0.5882352941176467,,,,,,,,,,,
248,248,248,248,248,248,,,,,,,,,,,,,0.3333333333333332,0.110091743119266,,0.4112149532710285,0.5882352941176467,,,,,,,,,,,
249,249,249,249,249,249,,,,,,,,,,,,,0.4285714285714286,0.2874617737003058,,0.3457943925233646,0.5764705882352943,,,,,,,,,,,
250,250,250,250,250,250,,,,,,,,,,,,,0.2380952380952381,0.8470948012232417,,0.3551401869158885,0.5764705882352943,,,,,,,,,,,
251,251,251,251,251,251,,,,,,,,,,,,,0.3333333333333332,0.6146788990825688,0.0081967213114754,0.4299065420560755,0.5764705882352943,,,,,,,,,,,
252,252,252,252,252,252,,,,,,,,,,,,,0.3333333333333332,0.055045871559633,,,0.5764705882352943,,,,,,,,,,,
253,253,253,253,253,253,,,,,,,,,,,,,0.6666666666666667,0.0305810397553516,,,0.5764705882352943,,,,,,,,,,,
254,254,254,254,254,254,,,,,,,,,,,,,0.4285714285714286,0.1590214067278287,,0.3831775700934576,0.5764705882352943,,,,,,,,,,,
255,255,255,255,255,255,,,,,,,,,,,,,0.5238095238095237,0.6850152905198778,,0.4205607476635515,0.5764705882352943,,,,,,,,,,,
256,256,256,256,256,256,,,,,,,,,,,,,0.2380952380952381,0.073394495412844,,0.5420560747663554,0.5764705882352943,,,,,,,,,,,
257,257,257,257,257,257,,,,,,,,,,,,,0.3333333333333332,0.1865443425076452,,0.4392523364485985,0.5764705882352943,,,,,,,,,,,
258,258,258,258,258,258,,,,,,,,,,,,,0.1904761904761904,0.0825688073394495,,,0.5764705882352943,,,,,,,,,,,
259,259,259,259,259,259,,,,,,,,,,,,,0.1904761904761904,0.5015290519877676,,0.5514018691588793,0.5764705882352943,,,,,,,,,,,
260,260,260,260,260,260,,,,,,,,,,,,,0.1904761904761904,0.073394495412844,,,0.5764705882352943,,,,,,,,,,,
261,261,261,261,261,261,,,,,,,,,,,,,0.0952380952380951,0.1987767584097859,,0.4392523364485985,0.5764705882352943,,,,,,,,,,,
262,262,262,262,262,262,,,,,,,,,,,,,0.1428571428571428,0.018348623853211,,,0.5764705882352943,,,,,,,,,,,
263,263,263,263,263,263,,,,,,,,,,,,,0.6190476190476191,0.4831804281345566,,0.3831775700934576,0.5764705882352943,,,,,,,,,,,
264,264,264,264,264,264,,,,,,,,,,,,,0.476190476190476,0.0214067278287461,,,0.5764705882352943,,,,,,,,,,,
265,265,265,265,265,265,,,,,,,,,,,,,0.5238095238095237,0.3700305810397554,,0.4299065420560755,0.5764705882352943,,,,,,,,,,,
266,266,266,266,266,266,,,,,,,,,,,,,0.2857142857142858,0.0214067278287461,,,0.5764705882352943,,,,,,,,,,,
267,267,267,267,267,267,,,,,,,,,,,,,0.2857142857142858,0.7339449541284404,,0.5887850467289724,0.564705882352941,,,,,,,,,,,
268,268,268,268,268,268,,,,,,,,,,,,,0.5714285714285714,0.073394495412844,,0.4299065420560755,0.564705882352941,,,,,,,,,,,
269,269,269,269,269,269,,,,,,,,,,,,,0.3809523809523809,0.7308868501529052,0.0,0.3738317757009346,0.5764705882352943,,,,,,,,,,,
270,270,270,270,270,270,,,,,,,,,,,,,0.7619047619047619,0.4281345565749235,,0.4392523364485985,0.5764705882352943,,,,,,,,,,,
271,271,271,271,271,271,,,,,,,,,,,,,0.2857142857142858,0.0152905198776758,,,0.564705882352941,,,,,,,,,,,
272,272,272,272,272,272,,,,,,,,,,,,,0.0952380952380951,0.2079510703363914,,0.3738317757009346,0.564705882352941,,,,,,,,,,,
273,273,273,273,273,273,,,,,,,,,,,,,0.6666666666666667,0.1712538226299694,0.0,0.4485981308411215,0.564705882352941,,,,,,,,,,,
274,274,274,274,274,274,,,,,,,,,,,,,0.3333333333333332,0.5076452599388379,0.0,0.4112149532710285,0.564705882352941,,,,,,,,,,,
275,275,275,275,275,275,,,,,,,,,,,,,0.4285714285714286,0.18348623853211,,0.3457943925233646,0.564705882352941,,,,,,,,,,,
276,276,276,276,276,276,,,,,,,,,,,,,0.1428571428571428,0.0703363914373088,,0.4112149532710285,0.564705882352941,,,,,,,,,,,
277,277,277,277,277,277,,,,,,,,,,,,,0.3809523809523809,0.1437308868501529,,0.2990654205607477,0.564705882352941,,,,,,,,,,,
278,278,278,278,278,278,,,,,,,,,,,,,0.1428571428571428,0.0458715596330275,0.0,0.4205607476635515,0.564705882352941,,,,,,,,,,,
279,279,279,279,279,279,,,,,,,,,,,,,0.1904761904761904,0.0152905198776758,,,0.564705882352941,,,,,,,,,,,
280,280,280,280,280,280,,,,,,,,,,,,,0.1904761904761904,0.0061162079510703,,,0.564705882352941,,,,,,,,,,,
281,281,281,281,281,281,,,,,,,,,,,,,0.1904761904761904,0.165137614678899,,0.4859813084112154,0.564705882352941,,,,,,,,,,,
282,282,282,282,282,282,,,,,,,,,,,,,0.6666666666666667,0.8012232415902141,,0.3738317757009346,0.564705882352941,,,,,,,,,,,
283,283,283,283,283,283,,,,,,,,,,,,,0.4285714285714286,0.5076452599388379,,0.5887850467289724,0.564705882352941,,,,,,,,,,,
284,284,284,284,284,284,,,,,,,,,,,,,0.2380952380952381,0.5657492354740061,,0.3084112149532707,0.564705882352941,,,,,,,,,,,
285,285,285,285,285,285,,,,,,,,,,,,,0.4285714285714286,0.2782874617737003,,0.3925233644859816,0.564705882352941,,,,,,,,,,,
286,286,286,286,286,286,,,,,,,,,,,,,0.1428571428571428,0.2507645259938838,,0.4953271028037385,0.5529411764705885,,,,,,,,,,,
287,287,287,287,287,287,,,,,,,,,,,,,0.476190476190476,0.2293577981651376,,0.4953271028037385,0.5529411764705885,,,,,,,,,,,
288,288,288,288,288,288,,,,,,,,,,,,,0.1428571428571428,0.0305810397553516,,,0.5529411764705885,,,,,,,,,,,
289,289,289,289,289,289,,,,,,,,,,,,,0.2380952380952381,0.1987767584097859,,0.5514018691588793,0.5529411764705885,,,,,,,,,,,
290,290,290,290,290,290,,,,,,,,,,,,,0.4285714285714286,0.0458715596330275,,,0.5529411764705885,,,,,,,,,,,
291,291,291,291,291,291,,,,,,,,,,,,,0.1428571428571428,0.4587155963302752,,0.3271028037383177,0.5529411764705885,,,,,,,,,,,
292,292,292,292,292,292,,,,,,,,,,,,,0.476190476190476,0.1681957186544342,,0.3644859813084116,0.5529411764705885,,,,,,,,,,,
293,293,293,293,293,293,,,,,,,,,,,,,0.2380952380952381,0.8715596330275229,0.0081967213114754,0.4112149532710285,0.5529411764705885,,,,,,,,,,,
294,294,294,294,294,294,,,,,,,,,,,,,0.5238095238095237,0.2171253822629969,,0.2429906542056077,0.5529411764705885,,,,,,,,,,,
295,295,295,295,295,295,,,,,,,,,,,,,0.3333333333333332,0.2293577981651376,,0.3551401869158885,0.5529411764705885,,,,,,,,,,,
296,296,296,296,296,296,,,,,,,,,,,,,0.2857142857142858,0.3547400611620795,,0.3831775700934576,0.5411764705882351,,,,,,,,,,,
297,297,297,297,297,297,,,,,,,,,,,,,0.2380952380952381,0.7981651376146789,,0.4859813084112154,0.5411764705882351,,,,,,,,,,,
298,298,298,298,298,298,,,,,,,,,,,,,0.7619047619047619,0.5657492354740061,,0.3738317757009346,0.5411764705882351,,,,,,,,,,,
299,299,299,299,299,299,,,,,,,,,,,,,0.1428571428571428,0.3547400611620795,,0.5514018691588793,0.5411764705882351,,,,,,,,,,,
300,300,300,300,300,300,,,,,,,,,,,,,0.4285714285714286,0.5045871559633027,0.0,0.2803738317757016,0.5411764705882351,,,,,,,,,,,
301,301,301,301,301,301,,,,,,,,,,,,,0.0952380952380951,0.0489296636085627,,,0.5411764705882351,,,,,,,,,,,
302,302,302,302,302,302,,,,,,,,,,,,,0.4285714285714286,0.4097859327217125,0.0,0.4766355140186924,0.5411764705882351,,,,,,,,,,,
303,303,303,303,303,303,,,,,,,,,,,,,0.5238095238095237,0.0856269113149847,,0.5700934579439254,0.5411764705882351,,,,,,,,,,,
304,304,304,304,304,304,,,,,,,,,,,,,0.2857142857142858,0.0061162079510703,0.0163934426229508,,0.5411764705882351,,,,,,,,,,,
305,305,305,305,305,305,,,,,,,,,,,,,0.2380952380952381,0.1498470948012232,,0.3551401869158885,0.5411764705882351,,,,,,,,,,,
306,306,306,306,306,306,,,,,,,,,,,,,0.5238095238095237,0.5382262996941897,,0.3738317757009346,0.5411764705882351,,,,,,,,,,,
307,307,307,307,307,307,,,,,,,,,,,,,0.5714285714285714,0.7064220183486238,,0.4205607476635515,0.5411764705882351,,,,,,,,,,,
308,308,308,308,308,308,,,,,,,,,,,,,0.6190476190476191,0.4923547400611621,,0.3551401869158885,0.5294117647058822,,,,,,,,,,,
309,309,309,309,309,309,,,,,,,,,,,,,0.1904761904761904,0.2293577981651376,,0.5140186915887854,0.5294117647058822,,,,,,,,,,,
310,310,310,310,310,310,,,,,,,,,,,,,0.1904761904761904,0.3394495412844037,,0.4018691588785055,0.5294117647058822,,,,,,,,,,,
311,311,311,311,311,311,,,,,,,,,,,,,0.476190476190476,0.0825688073394495,,,0.5294117647058822,,,,,,,,,,,
312,312,312,312,312,312,,,,,,,,,,,,,0.5714285714285714,0.2721712538226299,,0.4859813084112154,0.5294117647058822,,,,,,,,,,,
313,313,313,313,313,313,,,,,,,,,,,,,0.3809523809523809,0.0030581039755351,,,0.5294117647058822,,,,,,,,,,,
314,314,314,314,314,314,,,,,,,,,,,,,0.3333333333333332,0.3761467889908257,,0.5700934579439254,0.5294117647058822,,,,,,,,,,,
315,315,315,315,315,315,,,,,,,,,,,,,0.4285714285714286,0.0122324159021406,,,0.5294117647058822,,,,,,,,,,,
316,316,316,316,316,316,,,,,,,,,,,,,0.5238095238095237,0.2844036697247706,,0.4112149532710285,0.5294117647058822,,,,,,,,,,,
317,317,317,317,317,317,,,,,,,,,,,,,0.6190476190476191,0.6972477064220184,,0.4953271028037385,0.5294117647058822,,,,,,,,,,,
318,318,318,318,318,318,,,,,,,,,,,,,0.3333333333333332,0.1253822629969418,,0.5233644859813085,0.5294117647058822,,,,,,,,,,,
319,319,319,319,319,319,,,,,,,,,,,,,0.476190476190476,0.4067278287461774,,0.5140186915887854,0.5294117647058822,,,,,,,,,,,
320,320,320,320,320,320,,,,,,,,,,,,,0.5238095238095237,0.6024464831804281,,0.5420560747663554,0.5294117647058822,,,,,,,,,,,
321,321,321,321,321,321,,,,,,,,,,,,,0.0952380952380951,0.0,,,0.5176470588235293,,,,,,,,,,,
322,322,322,322,322,322,,,,,,,,,,,,,0.3333333333333332,0.0397553516819571,,,0.5176470588235293,,,,,,,,,,,
323,323,323,323,323,323,,,,,,,,,,,,,0.5238095238095237,0.327217125382263,,0.4579439252336446,0.5176470588235293,,,,,,,,,,,
324,324,324,324,324,324,,,,,,,,,,,,,0.0476190476190476,0.1406727828746177,0.0,0.5981308411214954,0.5176470588235293,,,,,,,,,,,
325,325,325,325,325,325,,,,,,,,,,,,,0.2380952380952381,0.0061162079510703,,,0.5176470588235293,,,,,,,,,,,
326,326,326,326,326,326,,,,,,,,,,,,,0.476190476190476,0.1070336391437308,,0.5700934579439254,0.5176470588235293,,,,,,,,,,,
327,327,327,327,327,327,,,,,,,,,,,,,0.2380952380952381,0.4831804281345566,,0.6542056074766354,0.5176470588235293,,,,,,,,,,,
328,328,328,328,328,328,,,,,,,,,,,,,0.1428571428571428,0.2844036697247706,,0.6355140186915893,0.5176470588235293,,,,,,,,,,,
329,329,329,329,329,329,,,,,,,,,,,,,0.2857142857142858,0.382262996941896,,0.3925233644859816,0.5176470588235293,,,,,,,,,,,
330,330,330,330,330,330,,,,,,,,,,,,,0.3809523809523809,0.3211009174311927,,0.4672897196261685,0.5176470588235293,,,,,,,,,,,
331,331,331,331,331,331,,,,,,,,,,,,,0.6666666666666667,0.1406727828746177,,0.5327102803738315,0.5176470588235293,,,,,,,,,,,
332,332,332,332,332,332,,,,,,,,,,,,,0.1428571428571428,0.2691131498470948,,0.5140186915887854,0.5176470588235293,,,,,,,,,,,
333,333,333,333,333,333,,,,,,,,,,,,,0.2380952380952381,0.437308868501529,0.0,0.4579439252336446,0.5176470588235293,,,,,,,,,,,
334,334,334,334,334,334,,,,,,,,,,,,,0.2857142857142858,0.3058103975535168,,0.5981308411214954,0.5176470588235293,,,,,,,,,,,
335,335,335,335,335,335,,,,,,,,,,,,,0.3809523809523809,0.5535168195718655,,0.3738317757009346,0.5176470588235293,,,,,,,,,,,
336,336,336,336,336,336,,,,,,,,,,,,,0.3333333333333332,0.3792048929663609,,0.3831775700934576,0.5176470588235293,,,,,,,,,,,
337,337,337,337,337,337,,,,,,,,,,,,,0.2380952380952381,0.45565749235474,,0.4485981308411215,0.5176470588235293,,,,,,,,,,,
338,338,338,338,338,338,,,,,,,,,,,,,0.3333333333333332,0.3394495412844037,0.0,0.4579439252336446,0.5176470588235293,,,,,,,,,,,
339,339,339,339,339,339,,,,,,,,,,,,,0.2857142857142858,0.2110091743119266,,0.4299065420560755,0.5176470588235293,,,,,,,,,,,
340,340,340,340,340,340,,,,,,,,,,,,,0.5238095238095237,0.0489296636085627,,,0.5176470588235293,,,,,,,,,,,
341,341,341,341,341,341,,,,,,,,,,,,,0.476190476190476,0.0978593272171253,,0.3738317757009346,0.5058823529411764,,,,,,,,,,,
342,342,342,342,342,342,,,,,,,,,,,,,0.1904761904761904,0.036697247706422,,,0.5058823529411764,,,,,,,,,,,
343,343,343,343,343,343,,,,,,,,,,,,,0.5238095238095237,0.7737003058103976,0.0,0.5046728971962615,0.5058823529411764,,,,,,,,,,,
344,344,344,344,344,344,,,,,,,,,,,,,0.2380952380952381,0.0,,,0.5176470588235293,,,,,,,,,,,
345,345,345,345,345,345,,,,,,,,,,,,,0.3333333333333332,0.3333333333333333,,0.5514018691588793,0.5058823529411764,,,,,,,,,,,
346,346,346,346,346,346,,,,,,,,,,,,,0.6666666666666667,0.1743119266055045,,0.5514018691588793,0.5058823529411764,,,,,,,,,,,
347,347,347,347,347,347,,,,,,,,,,,,,0.0952380952380951,0.418960244648318,,0.6728971962616823,0.5058823529411764,,,,,,,,,,,
348,348,348,348,348,348,,,,,,,,,,,,,0.3809523809523809,0.5168195718654435,0.0,0.5514018691588793,0.5058823529411764,,,,,,,,,,,
349,349,349,349,349,349,,,,,,,,,,,,,0.1904761904761904,0.0305810397553516,,0.4859813084112154,0.5058823529411764,,,,,,,,,,,
350,350,350,350,350,350,,,,,,,,,,,,,0.6190476190476191,0.1131498470948012,,0.5327102803738315,0.5058823529411764,,,,,,,,,,,
351,351,351,351,351,351,,,,,,,,,,,,,0.5714285714285714,0.5321100917431193,,0.4859813084112154,0.5058823529411764,,,,,,,,,,,
352,352,352,352,352,352,,,,,,,,,,,,,0.0952380952380951,0.1345565749235474,,0.4299065420560755,0.5058823529411764,,,,,,,,,,,
353,353,353,353,353,353,,,,,,,,,,,,,0.6190476190476191,0.5535168195718655,,0.1121495327102803,0.5058823529411764,,,,,,,,,,,
354,354,354,354,354,354,,,,,,,,,,,,,0.3333333333333332,0.1926605504587155,,0.5140186915887854,0.5058823529411764,,,,,,,,,,,
355,355,355,355,355,355,,,,,,,,,,,,,0.1904761904761904,0.345565749235474,,0.4766355140186924,0.4941176470588235,,,,,,,,,,,
356,356,356,356,356,356,,,,,,,,,,,,,0.5714285714285714,0.1345565749235474,,0.5887850467289724,0.4941176470588235,,,,,,,,,,,
357,357,357,357,357,357,,,,,,,,,,,,,0.0952380952380951,0.1223241590214067,,0.6355140186915893,0.4941176470588235,,,,,,,,,,,
358,358,358,358,358,358,,,,,,,,,,,,,0.1904761904761904,0.2079510703363914,,0.6261682242990663,0.4941176470588235,,,,,,,,,,,
359,359,359,359,359,359,,,,,,,,,,,,,0.4285714285714286,0.746177370030581,,0.4953271028037385,0.4941176470588235,,,,,,,,,,,
360,360,360,360,360,360,,,,,,,,,,,,,0.3809523809523809,0.6941896024464832,,0.4018691588785055,0.4941176470588235,,,,,,,,,,,
361,361,361,361,361,361,,,,,,,,,,,,,0.0476190476190476,0.0305810397553516,,,0.4941176470588235,,,,,,,,,,,
362,362,362,362,362,362,,,,,,,,,,,,,0.3333333333333332,0.2507645259938838,,0.3831775700934576,0.4941176470588235,,,,,,,,,,,
363,363,363,363,363,363,,,,,,,,,,,,,0.2857142857142858,0.2752293577981651,,0.6261682242990663,0.4941176470588235,,,,,,,,,,,
364,364,364,364,364,364,,,,,,,,,,,,,0.3333333333333332,0.0672782874617737,,0.6355140186915893,0.4941176470588235,,,,,,,,,,,
365,365,365,365,365,365,,,,,,,,,,,,,0.4285714285714286,0.4495412844036697,,0.5887850467289724,0.4941176470588235,,,,,,,,,,,
366,366,366,366,366,366,,,,,,,,,,,,,0.3809523809523809,0.2293577981651376,,0.5607476635514024,0.4941176470588235,,,,,,,,,,,
367,367,367,367,367,367,,,,,,,,,,,,,0.3333333333333332,0.4831804281345566,,0.5794392523364484,0.4823529411764706,,,,,,,,,,,
368,368,368,368,368,368,,,,,,,,,,,,,0.3333333333333332,0.0275229357798165,,,0.4941176470588235,,,,,,,,,,,
369,369,369,369,369,369,,,,,,,,,,,,,0.1428571428571428,0.0214067278287461,0.0,,0.4823529411764706,,,,,,,,,,,
370,370,370,370,370,370,,,,,,,,,,,,,0.1904761904761904,0.0244648318042813,,,0.4823529411764706,,,,,,,,,,,
371,371,371,371,371,371,,,,,,,,,,,,,0.5714285714285714,0.8562691131498471,0.0,0.5140186915887854,0.4823529411764706,,,,,,,,,,,
372,372,372,372,372,372,,,,,,,,,,,,,0.6666666666666667,0.2201834862385321,,0.5794392523364484,0.4823529411764706,,,,,,,,,,,
373,373,373,373,373,373,,,,,,,,,,,,,0.5238095238095237,0.5229357798165137,0.0081967213114754,0.5981308411214954,0.4823529411764706,,,,,,,,,,,
374,374,374,374,374,374,,,,,,,,,,,,,0.3333333333333332,0.2935779816513761,,0.4205607476635515,0.4823529411764706,,,,,,,,,,,
375,375,375,375,375,375,,,,,,,,,,,,,0.9047619047619048,0.6422018348623854,,0.6355140186915893,0.4823529411764706,,,,,,,,,,,
376,376,376,376,376,376,,,,,,,,,,,,,0.6190476190476191,0.8379204892966361,,0.5233644859813085,0.4823529411764706,,,,,,,,,,,
377,377,377,377,377,377,,,,,,,,,,,,,0.3333333333333332,0.7125382262996942,0.0081967213114754,0.5140186915887854,0.4823529411764706,,,,,,,,,,,
378,378,378,378,378,378,,,,,,,,,,,,,0.5714285714285714,0.3761467889908257,,0.4485981308411215,0.4823529411764706,,,,,,,,,,,
379,379,379,379,379,379,,,,,,,,,,,,,0.6666666666666667,0.2721712538226299,,0.4953271028037385,0.4823529411764706,,,,,,,,,,,
380,380,380,380,380,380,,,,,,,,,,,,,0.5714285714285714,0.4097859327217125,,0.5607476635514024,0.4823529411764706,,,,,,,,,,,
381,381,381,381,381,381,,,,,,,,,,,,,0.1904761904761904,0.4434250764525994,0.0,0.4018691588785055,0.4823529411764706,,,,,,,,,,,
382,382,382,382,382,382,,,,,,,,,,,,,0.5714285714285714,0.3058103975535168,,0.5327102803738315,0.4823529411764706,,,,,,,,,,,
383,383,383,383,383,383,,,,,,,,,,,,,0.5238095238095237,0.0428134556574923,,,0.4823529411764706,,,,,,,,,,,
384,384,384,384,384,384,,,,,,,,,,,,,0.476190476190476,0.5657492354740061,,0.4299065420560755,0.4823529411764706,,,,,,,,,,,
385,385,385,385,385,385,,,,,,,,,,,,,0.2380952380952381,0.0030581039755351,,,0.4823529411764706,,,,,,,,,,,
386,386,386,386,386,386,,,,,,,,,,,,,0.3809523809523809,0.0061162079510703,,,0.4823529411764706,,,,,,,,,,,
387,387,387,387,387,387,,,,,,,,,,,,,0.4285714285714286,0.2844036697247706,,0.6448598130841123,0.4823529411764706,,,,,,,,,,,
388,388,388,388,388,388,,,,,,,,,,,,,0.1428571428571428,0.4862385321100917,0.0,0.5607476635514024,0.4823529411764706,,,,,,,,,,,
389,389,389,389,389,389,,,,,,,,,,,,,0.2857142857142858,0.0795107033639143,,0.4579439252336446,0.4705882352941173,,,,,,,,,,,
390,390,390,390,390,390,,,,,,,,,,,,,0.7142857142857142,0.290519877675841,,0.4953271028037385,0.4705882352941173,,,,,,,,,,,
391,391,391,391,391,391,,,,,,,,,,,,,0.7619047619047619,0.709480122324159,0.0,0.5607476635514024,0.4705882352941173,,,,,,,,,,,
392,392,392,392,392,392,,,,,,,,,,,,,0.3809523809523809,0.2721712538226299,,0.7102803738317762,0.4705882352941173,,,,,,,,,,,
393,393,393,393,393,393,,,,,,,,,,,,,0.2857142857142858,0.0519877675840978,,,0.4705882352941173,,,,,,,,,,,
394,394,394,394,394,394,,,,,,,,,,,,,0.4285714285714286,0.6024464831804281,,0.4392523364485985,0.4705882352941173,,,,,,,,,,,
395,395,395,395,395,395,,,,,,,,,,,,,0.3809523809523809,0.2996941896024465,,0.5514018691588793,0.4705882352941173,,,,,,,,,,,
396,396,396,396,396,396,,,,,,,,,,,,,0.6190476190476191,0.1987767584097859,,0.6074766355140193,0.4705882352941173,,,,,,,,,,,
397,397,397,397,397,397,,,,,,,,,,,,,0.1904761904761904,0.0030581039755351,,,0.4705882352941173,,,,,,,,,,,
398,398,398,398,398,398,,,,,,,,,,,,,0.5714285714285714,0.4954128440366973,,0.6448598130841123,0.4705882352941173,,,,,,,,,,,
399,399,399,399,399,399,,,,,,,,,,,,,0.5714285714285714,0.036697247706422,,,0.4705882352941173,,,,,,,,,,,
400,400,400,400,400,400,,,,,,,,,,,,,0.2857142857142858,0.1957186544342507,,0.6074766355140193,0.4705882352941173,,,,,,,,,,,
401,401,401,401,401,401,,,,,,,,,,,,,0.2380952380952381,0.0978593272171253,,0.6448598130841123,0.4705882352941173,,,,,,,,,,,
402,402,402,402,402,402,,,,,,,,,,,,,0.476190476190476,0.0397553516819571,0.0,,0.4705882352941173,,,,,,,,,,,
403,403,403,403,403,403,,,,,,,,,,,,,0.3333333333333332,0.0030581039755351,,,0.4588235294117648,,,,,,,,,,,
404,404,404,404,404,404,,,,,,,,,,,,,0.476190476190476,0.2293577981651376,,0.6168224299065423,0.4588235294117648,,,,,,,,,,,
405,405,405,405,405,405,,,,,,,,,,,,,0.4285714285714286,0.4159021406727829,0.0163934426229508,0.3738317757009346,0.4588235294117648,,,,,,,,,,,
406,406,406,406,406,406,,,,,,,,,,,,,0.3809523809523809,0.1681957186544342,,0.6635514018691593,0.4588235294117648,,,,,,,,,,,
407,407,407,407,407,407,,,,,,,,,,,,,0.2380952380952381,0.0030581039755351,,,0.4588235294117648,,,,,,,,,,,
408,408,408,408,408,408,,,,,,,,,,,,,0.5238095238095237,0.3241590214067278,,0.5700934579439254,0.4588235294117648,,,,,,,,,,,
409,409,409,409,409,409,,,,,,,,,,,,,0.5238095238095237,0.2079510703363914,,0.4859813084112154,0.4588235294117648,,,,,,,,,,,
410,410,410,410,410,410,,,,,,,,,,,,,0.1904761904761904,0.2966360856269113,,0.5420560747663554,0.4588235294117648,,,,,,,,,,,
411,411,411,411,411,411,,,,,,,,,,,,,0.476190476190476,0.1712538226299694,,,0.4588235294117648,,,,,,,,,,,
412,412,412,412,412,412,,,,,,,,,,,,,0.7142857142857142,0.0061162079510703,,,0.4588235294117648,,,,,,,,,,,
413,413,413,413,413,413,,,,,,,,,,,,,0.7619047619047619,0.3761467889908257,,0.5514018691588793,0.4588235294117648,,,,,,,,,,,
414,414,414,414,414,414,,,,,,,,,,,,,0.7142857142857142,0.345565749235474,,0.5233644859813085,0.4588235294117648,,,,,,,,,,,
415,415,415,415,415,415,,,,,,,,,,,,,0.4285714285714286,0.6269113149847095,,0.6261682242990663,0.4588235294117648,,,,,,,,,,,
416,416,416,416,416,416,,,,,,,,,,,,,0.476190476190476,0.0061162079510703,,,0.4470588235294115,,,,,,,,,,,
417,417,417,417,417,417,,,,,,,,,,,,,0.476190476190476,0.2354740061162079,,0.5327102803738315,0.4470588235294115,,,,,,,,,,,
418,418,418,418,418,418,,,,,,,,,,,,,0.3333333333333332,0.0336391437308868,,,0.4470588235294115,,,,,,,,,,,
419,419,419,419,419,419,,,,,,,,,,,,,0.2857142857142858,0.3700305810397554,,0.5233644859813085,0.4470588235294115,,,,,,,,,,,
420,420,420,420,420,420,,,,,,,,,,,,,0.5714285714285714,0.5474006116207951,,0.6074766355140193,0.4470588235294115,,,,,,,,,,,
421,421,421,421,421,421,,,,,,,,,,,,,0.3333333333333332,0.2232415902140672,,0.5887850467289724,0.4470588235294115,,,,,,,,,,,
422,422,422,422,422,422,,,,,,,,,,,,,0.4285714285714286,0.5565749235474007,,0.5046728971962615,0.4470588235294115,,,,,,,,,,,
423,423,423,423,423,423,,,,,,,,,,,,,0.2857142857142858,0.1314984709480122,,0.6168224299065423,0.4470588235294115,,,,,,,,,,,
424,424,424,424,424,424,,,,,,,,,,,,,0.7619047619047619,0.1620795107033639,,0.5700934579439254,0.4470588235294115,,,,,,,,,,,
425,425,425,425,425,425,,,,,,,,,,,,,0.476190476190476,0.327217125382263,,0.5233644859813085,0.4470588235294115,,,,,,,,,,,
426,426,426,426,426,426,,,,,,,,,,,,,0.2857142857142858,0.0030581039755351,,,0.4470588235294115,,,,,,,,,,,
427,427,427,427,427,427,,,,,,,,,,,,,0.476190476190476,0.5290519877675841,,0.5420560747663554,0.4470588235294115,,,,,,,,,,,
428,428,428,428,428,428,,,,,,,,,,,,,0.6666666666666667,0.581039755351682,,0.5420560747663554,0.435294117647059,,,,,,,,,,,
429,429,429,429,429,429,,,,,,,,,,,,,0.857142857142857,0.0030581039755351,,,0.435294117647059,,,,,,,,,,,
430,430,430,430,430,430,,,,,,,,,,,,,0.5238095238095237,0.4036697247706422,,0.6822429906542062,0.435294117647059,,,,,,,,,,,
431,431,431,431,431,431,,,,,,,,,,,,,0.3333333333333332,0.110091743119266,,0.7383177570093453,0.435294117647059,,,,,,,,,,,
432,432,432,432,432,432,,,,,,,,,,,,,0.1904761904761904,0.617737003058104,,0.5794392523364484,0.435294117647059,,,,,,,,,,,
433,433,433,433,433,433,,,,,,,,,,,,,0.4285714285714286,0.5749235474006117,,0.5140186915887854,0.435294117647059,,,,,,,,,,,
434,434,434,434,434,434,,,,,,,,,,,,,0.5238095238095237,0.3486238532110092,,0.5327102803738315,0.435294117647059,,,,,,,,,,,
435,435,435,435,435,435,,,,,,,,,,,,,0.476190476190476,0.2354740061162079,0.0,0.7009345794392532,0.435294117647059,,,,,,,,,,,
436,436,436,436,436,436,,,,,,,,,,,,,0.476190476190476,0.45565749235474,,0.6448598130841123,0.435294117647059,,,,,,,,,,,
437,437,437,437,437,437,,,,,,,,,,,,,0.2380952380952381,0.1957186544342507,,0.5607476635514024,0.4235294117647057,,,,,,,,,,,
438,438,438,438,438,438,,,,,,,,,,,,,0.6666666666666667,0.2324159021406728,,0.7009345794392532,0.435294117647059,,,,,,,,,,,
439,439,439,439,439,439,,,,,,,,,,,,,0.2380952380952381,0.3730886850152905,,0.6635514018691593,0.4235294117647057,,,,,,,,,,,
440,440,440,440,440,440,,,,,,,,,,,,,0.2380952380952381,0.636085626911315,,0.5887850467289724,0.4235294117647057,,,,,,,,,,,
441,441,441,441,441,441,,,,,,,,,,,,,0.5238095238095237,0.4128440366972477,,0.5607476635514024,0.4235294117647057,,,,,,,,,,,
442,442,442,442,442,442,,,,,,,,,,,,,0.476190476190476,0.400611620795107,,0.5420560747663554,0.4235294117647057,,,,,,,,,,,
443,443,443,443,443,443,,,,,,,,,,,,,0.476190476190476,0.437308868501529,,0.4953271028037385,0.4235294117647057,,,,,,,,,,,
444,444,444,444,444,444,,,,,,,,,,,,,0.3333333333333332,0.5932721712538227,,0.6261682242990663,0.4235294117647057,,,,,,,,,,,
445,445,445,445,445,445,,,,,,,,,,,,,0.2380952380952381,0.418960244648318,,0.6074766355140193,0.4235294117647057,,,,,,,,,,,
446,446,446,446,446,446,,,,,,,,,,,,,0.3809523809523809,0.2354740061162079,,0.6448598130841123,0.4235294117647057,,,,,,,,,,,
447,447,447,447,447,447,,,,,,,,,,,,,0.857142857142857,0.1131498470948012,,0.6168224299065423,0.4235294117647057,,,,,,,,,,,
448,448,448,448,448,448,,,,,,,,,,,,,0.476190476190476,0.0856269113149847,,0.5887850467289724,0.4117647058823528,,,,,,,,,,,
449,449,449,449,449,449,,,,,,,,,,,,,0.476190476190476,0.3425076452599389,,0.6261682242990663,0.4117647058823528,,,,,,,,,,,
450,450,450,450,450,450,,,,,,,,,,,,,0.3809523809523809,0.6941896024464832,0.0,0.6168224299065423,0.4117647058823528,,,,,,,,,,,
451,451,451,451,451,451,,,,,,,,,,,,,0.476190476190476,0.6146788990825688,0.0,0.6542056074766354,0.4117647058823528,,,,,,,,,,,
452,452,452,452,452,452,,,,,,,,,,,,,0.1904761904761904,0.0244648318042813,,,0.4117647058823528,,,,,,,,,,,
453,453,453,453,453,453,,,,,,,,,,,,,0.6190476190476191,0.6024464831804281,,0.7196261682242993,0.4117647058823528,,,,,,,,,,,
454,454,454,454,454,454,,,,,,,,,,,,,0.3809523809523809,0.5474006116207951,,0.4766355140186924,0.4117647058823528,,,,,,,,,,,
455,455,455,455,455,455,,,,,,,,,,,,,0.5714285714285714,0.073394495412844,0.0,0.6168224299065423,0.4117647058823528,,,,,,,,,,,
456,456,456,456,456,456,,,,,,,,,,,,,0.7619047619047619,0.2813455657492354,,0.6355140186915893,0.4117647058823528,,,,,,,,,,,
457,457,457,457,457,457,,,,,,,,,,,,,0.4285714285714286,0.1192660550458715,,,0.3999999999999999,,,,,,,,,,,
458,458,458,458,458,458,,,,,,,,,,,,,0.7142857142857142,0.2752293577981651,,0.5233644859813085,0.4117647058823528,,,,,,,,,,,
459,459,459,459,459,459,,,,,,,,,,,,,0.1428571428571428,0.5688073394495413,,0.5140186915887854,0.3999999999999999,,,,,,,,,,,
460,460,460,460,460,460,,,,,,,,,,,,,0.6666666666666667,0.6758409785932722,0.0,0.6635514018691593,0.3999999999999999,,,,,,,,,,,
461,461,461,461,461,461,,,,,,,,,,,,,0.476190476190476,0.8012232415902141,,0.5327102803738315,0.3999999999999999,,,,,,,,,,,
462,462,462,462,462,462,,,,,,,,,,,,,0.4285714285714286,0.5382262996941897,,0.5514018691588793,0.3999999999999999,,,,,,,,,,,
463,463,463,463,463,463,,,,,,,,,,,,,0.3809523809523809,0.0275229357798165,,,0.3999999999999999,,,,,,,,,,,
464,464,464,464,464,464,,,,,,,,,,,,,0.5714285714285714,0.1406727828746177,,0.6822429906542062,0.388235294117647,,,,,,,,,,,
465,465,465,465,465,465,,,,,,,,,,,,,0.5238095238095237,0.363914373088685,0.0,0.6355140186915893,0.3999999999999999,,,,,,,,,,,
466,466,466,466,466,466,,,,,,,,,,,,,0.3333333333333332,0.0519877675840978,0.0,,0.388235294117647,,,,,,,,,,,
467,467,467,467,467,467,,,,,,,,,,,,,0.476190476190476,0.6605504587155964,0.0,0.5607476635514024,0.388235294117647,,,,,,,,,,,
468,468,468,468,468,468,,,,,,,,,,,,,0.4285714285714286,0.1009174311926605,,0.5887850467289724,0.388235294117647,,,,,,,,,,,
469,469,469,469,469,469,,,,,,,,,,,,,0.6190476190476191,0.0489296636085627,,0.6074766355140193,0.388235294117647,,,,,,,,,,,
470,470,470,470,470,470,,,,,,,,,,,,,0.5238095238095237,0.0061162079510703,,,0.388235294117647,,,,,,,,,,,
471,471,471,471,471,471,,,,,,,,,,,,,0.5238095238095237,0.4923547400611621,,0.6915887850467293,0.388235294117647,,,,,,,,,,,
472,472,472,472,472,472,,,,,,,,,,,,,0.5238095238095237,0.2110091743119266,,0.7383177570093453,0.388235294117647,,,,,,,,,,,
473,473,473,473,473,473,,,,,,,,,,,,,0.3809523809523809,0.7217125382262998,,0.7383177570093453,0.3764705882352941,,,,,,,,,,,
474,474,474,474,474,474,,,,,,,,,,,,,0.3809523809523809,0.2782874617737003,,0.822429906542057,0.3764705882352941,,,,,,,,,,,
475,475,475,475,475,475,,,,,,,,,,,,,0.4285714285714286,0.0672782874617737,0.0,0.7289719626168223,0.3764705882352941,,,,,,,,,,,
476,476,476,476,476,476,,,,,,,,,,,,,0.4285714285714286,0.3149847094801223,,0.6168224299065423,0.3764705882352941,,,,,,,,,,,
477,477,477,477,477,477,,,,,,,,,,,,,0.476190476190476,0.0214067278287461,,,0.3764705882352941,,,,,,,,,,,
478,478,478,478,478,478,,,,,,,,,,,,,0.5714285714285714,0.7584097859327218,,0.6261682242990663,0.3764705882352941,,,,,,,,,,,
479,479,479,479,479,479,,,,,,,,,,,,,0.1904761904761904,0.2660550458715596,,0.6355140186915893,0.3764705882352941,,,,,,,,,,,
480,480,480,480,480,480,,,,,,,,,,,,,0.6666666666666667,0.6330275229357798,,0.7383177570093453,0.3764705882352941,,,,,,,,,,,
481,481,481,481,481,481,,,,,,,,,,,,,0.2857142857142858,0.2140672782874617,,0.7570093457943932,0.3764705882352941,,,,,,,,,,,
482,482,482,482,482,482,,,,,,,,,,,,,0.2857142857142858,0.6758409785932722,,0.6355140186915893,0.3764705882352941,,,,,,,,,,,
483,483,483,483,483,483,,,,,,,,,,,,,0.3809523809523809,0.1926605504587155,,0.7850467289719631,0.3764705882352941,,,,,,,,,,,
484,484,484,484,484,484,,,,,,,,,,,,,0.5238095238095237,0.6299694189602447,,0.6448598130841123,0.3764705882352941,,,,,,,,,,,
485,485,485,485,485,485,,,,,,,,,,,,,0.7619047619047619,0.3608562691131499,,0.7196261682242993,0.3764705882352941,,,,,,,,,,,
486,486,486,486,486,486,,,,,,,,,,,,,0.2380952380952381,0.0091743119266055,,,0.3764705882352941,,,,,,,,,,,
487,487,487,487,487,487,,,,,,,,,,,,,0.4285714285714286,0.4495412844036697,,0.5420560747663554,0.3647058823529412,,,,,,,,,,,
488,488,488,488,488,488,,,,,,,,,,,,,0.857142857142857,0.4740061162079511,,0.5327102803738315,0.3647058823529412,,,,,,,,,,,
489,489,489,489,489,489,,,,,,,,,,,,,0.4285714285714286,0.3914373088685015,0.0,0.5794392523364484,0.3647058823529412,,,,,,,,,,,
490,490,490,490,490,490,,,,,,,,,,,,,0.2380952380952381,0.6758409785932722,,0.6822429906542062,0.3647058823529412,,,,,,,,,,,
491,491,491,491,491,491,,,,,,,,,,,,,0.2380952380952381,0.1162079510703364,0.0,0.8317757009345801,0.3647058823529412,,,,,,,,,,,
492,492,492,492,492,492,,,,,,,,,,,,,0.6666666666666667,0.1987767584097859,,0.5514018691588793,0.3647058823529412,,,,,,,,,,,
493,493,493,493,493,493,,,,,,,,,,,,,0.8095238095238095,0.0,,,0.3647058823529412,,,,,,,,,,,
494,494,494,494,494,494,,,,,,,,,,,,,0.5714285714285714,0.1192660550458715,,0.7009345794392532,0.3647058823529412,,,,,,,,,,,
495,495,495,495,495,495,,,,,,,,,,,,,0.1428571428571428,0.0061162079510703,,,0.3647058823529412,,,,,,,,,,,
496,496,496,496,496,496,,,,,,,,,,,,,0.4285714285714286,0.6330275229357798,0.0,0.6728971962616823,0.3647058823529412,,,,,,,,,,,
497,497,497,497,497,497,,,,,,,,,,,,,0.5714285714285714,0.1620795107033639,,0.8130841121495331,0.3529411764705878,,,,,,,,,,,
498,498,498,498,498,498,,,,,,,,,,,,,0.5238095238095237,0.8287461773700306,,0.6355140186915893,0.3529411764705878,,,,,,,,,,,
499,499,499,499,499,499,,,,,,,,,,,,,0.5714285714285714,0.1743119266055045,,0.8504672897196262,0.3529411764705878,,,,,,,,,,,
500,500,500,500,500,500,,,,,,,,,,,,,0.5238095238095237,0.0581039755351682,,,0.3529411764705878,,,,,,,,,,,
501,501,501,501,501,501,,,,,,,,,,,,,0.2857142857142858,0.0122324159021406,,,0.3529411764705878,,,,,,,,,,,
502,502,502,502,502,502,,,,,,,,,,,,,0.5714285714285714,0.2201834862385321,,0.7383177570093453,0.3529411764705878,,,,,,,,,,,
503,503,503,503,503,503,,,,,,,,,,,,,0.5238095238095237,0.6146788990825688,,0.7757009345794392,0.3529411764705878,,,,,,,,,,,
504,504,504,504,504,504,,,,,,,,,,,,,0.2857142857142858,0.1620795107033639,,0.6822429906542062,0.3529411764705878,,,,,,,,,,,
505,505,505,505,505,505,,,,,,,,,,,,,0.1904761904761904,0.0489296636085627,,0.5794392523364484,0.3529411764705878,,,,,,,,,,,
506,506,506,506,506,506,,,,,,,,,,,,,0.2380952380952381,0.3944954128440367,,0.7009345794392532,0.3529411764705878,,,,,,,,,,,
507,507,507,507,507,507,,,,,,,,,,,,,0.5238095238095237,0.2232415902140672,0.0,0.7009345794392532,0.3411764705882354,,,,,,,,,,,
508,508,508,508,508,508,,,,,,,,,,,,,0.3333333333333332,0.6574923547400612,0.0,0.7570093457943932,0.3411764705882354,,,,,,,,,,,
509,509,509,509,509,509,,,,,,,,,,,,,0.3809523809523809,0.4220183486238532,,0.5981308411214954,0.3411764705882354,,,,,,,,,,,
510,510,510,510,510,510,,,,,,,,,,,,,0.2380952380952381,0.0244648318042813,,,0.329411764705882,,,,,,,,,,,
511,511,511,511,511,511,,,,,,,,,,,,,0.2857142857142858,0.2477064220183486,,0.7757009345794392,0.329411764705882,,,,,,,,,,,
512,512,512,512,512,512,,,,,,,,,,,,,0.7142857142857142,0.018348623853211,,,0.329411764705882,,,,,,,,,,,
513,513,513,513,513,513,,,,,,,,,,,,,0.3809523809523809,0.5290519877675841,,0.6635514018691593,0.329411764705882,,,,,,,,,,,
514,514,514,514,514,514,,,,,,,,,,,,,0.6190476190476191,0.4342507645259939,0.0,0.8037383177570092,0.329411764705882,,,,,,,,,,,
515,515,515,515,515,515,,,,,,,,,,,,,0.4285714285714286,0.3486238532110092,,0.7196261682242993,0.329411764705882,,,,,,,,,,,
516,516,516,516,516,516,,,,,,,,,,,,,0.4285714285714286,0.0122324159021406,,,0.3176470588235296,,,,,,,,,,,
517,517,517,517,517,517,,,,,,,,,,,,,0.0952380952380951,0.091743119266055,,0.6728971962616823,0.3176470588235296,,,,,,,,,,,
518,518,518,518,518,518,,,,,,,,,,,,,0.5238095238095237,0.1406727828746177,0.0,0.7289719626168223,0.3058823529411762,,,,,,,,,,,
519,519,519,519,519,519,,,,,,,,,,,,,0.3809523809523809,0.1987767584097859,0.0,0.7943925233644862,0.3058823529411762,,,,,,,,,,,
520,520,520,520,520,520,,,,,,,,,,,,,0.2380952380952381,0.0030581039755351,,,0.3058823529411762,,,,,,,,,,,
521,521,521,521,521,521,,,,,,,,,,,,,0.3809523809523809,0.2813455657492354,,0.6915887850467293,0.3058823529411762,,,,,,,,,,,
522,522,522,522,522,522,,,,,,,,,,,,,0.5714285714285714,0.5871559633027523,,0.8037383177570092,0.3058823529411762,,,,,,,,,,,
523,523,523,523,523,523,,,,,,,,,,,,,0.3809523809523809,0.345565749235474,,0.7570093457943932,0.2941176470588234,,,,,,,,,,,
524,524,524,524,524,524,,,,,,,,,,,,,0.5714285714285714,0.2415902140672783,,0.6448598130841123,0.2941176470588234,,,,,,,,,,,
525,525,525,525,525,525,,,,,,,,,,,,,0.3333333333333332,0.2844036697247706,,0.6074766355140193,0.2941176470588234,,,,,,,,,,,
526,526,526,526,526,526,,,,,,,,,,,,,0.6666666666666667,0.1865443425076452,,0.7943925233644862,0.2941176470588234,,,,,,,,,,,
527,527,527,527,527,527,,,,,,,,,,,,,0.4285714285714286,0.036697247706422,,,0.2941176470588234,,,,,,,,,,,
528,528,528,528,528,528,,,,,,,,,,,,,0.4285714285714286,0.0,,,0.2941176470588234,,,,,,,,,,,
529,529,529,529,529,529,,,,,,,,,,,,,0.5238095238095237,0.7767584097859327,,0.7476635514018701,0.2823529411764705,,,,,,,,,,,
530,530,530,530,530,530,,,,,,,,,,,,,0.4285714285714286,0.4740061162079511,0.0081967213114754,0.5794392523364484,0.2823529411764705,,,,,,,,,,,
531,531,531,531,531,531,,,,,,,,,,,,,0.3333333333333332,0.0703363914373088,,0.8411214953271031,0.2823529411764705,,,,,,,,,,,
532,532,532,532,532,532,,,,,,,,,,,,,0.3809523809523809,0.4617737003058104,,0.822429906542057,0.2823529411764705,,,,,,,,,,,
533,533,533,533,533,533,,,,,,,,,,,,,0.4285714285714286,0.2446483180428134,,0.7663551401869162,0.2823529411764705,,,,,,,,,,,
534,534,534,534,534,534,,,,,,,,,,,,,0.3809523809523809,0.0764525993883792,,0.8411214953271031,0.2823529411764705,,,,,,,,,,,
535,535,535,535,535,535,,,,,,,,,,,,,0.2857142857142858,0.0703363914373088,,,0.2705882352941176,,,,,,,,,,,
536,536,536,536,536,536,,,,,,,,,,,,,0.2857142857142858,0.3792048929663609,,0.7570093457943932,0.2705882352941176,,,,,,,,,,,
537,537,537,537,537,537,,,,,,,,,,,,,0.3809523809523809,0.5779816513761468,,0.6355140186915893,0.2705882352941176,,,,,,,,,,,
538,538,538,538,538,538,,,,,,,,,,,,,0.5714285714285714,0.2966360856269113,0.0,0.8130841121495331,0.2588235294117647,,,,,,,,,,,
539,539,539,539,539,539,,,,,,,,,,,,,0.5238095238095237,0.2415902140672783,,0.906542056074767,0.2588235294117647,,,,,,,,,,,
540,540,540,540,540,540,,,,,,,,,,,,,0.3809523809523809,0.1376146788990825,,0.8411214953271031,0.2588235294117647,,,,,,,,,,,
541,541,541,541,541,541,,,,,,,,,,,,,0.6190476190476191,0.2415902140672783,,0.953271028037384,0.2588235294117647,,,,,,,,,,,
542,542,542,542,542,542,,,,,,,,,,,,,0.6666666666666667,0.0061162079510703,,,0.2588235294117647,,,,,,,,,,,
543,543,543,543,543,543,,,,,,,,,,,,,0.5714285714285714,0.146788990825688,,0.8037383177570092,0.2470588235294117,,,,,,,,,,,
544,544,544,544,544,544,,,,,,,,,,,,,0.5714285714285714,0.764525993883792,,0.7009345794392532,0.2470588235294117,,,,,,,,,,,
545,545,545,545,545,545,,,,,,,,,,,,,0.6190476190476191,0.4831804281345566,,0.5887850467289724,0.2470588235294117,,,,,,,,,,,
546,546,546,546,546,546,,,,,,,,,,,,,0.7142857142857142,0.400611620795107,,0.7663551401869162,0.2352941176470584,,,,,,,,,,,
547,547,547,547,547,547,,,,,,,,,,,,,0.3333333333333332,0.1559633027522935,,0.8785046728971961,0.2352941176470584,,,,,,,,,,,
548,548,548,548,548,548,,,,,,,,,,,,,0.6190476190476191,0.0,,,0.2352941176470584,,,,,,,,,,,
549,549,549,549,549,549,,,,,,,,,,,,,0.2857142857142858,0.1009174311926605,,,0.2352941176470584,,,,,,,,,,,
550,550,550,550,550,550,,,,,,,,,,,,,0.3333333333333332,0.4464831804281345,,0.6728971962616823,0.2352941176470584,,,,,,,,,,,
551,551,551,551,551,551,,,,,,,,,,,,,0.6666666666666667,0.2782874617737003,,0.8785046728971961,0.2235294117647059,,,,,,,,,,,
552,552,552,552,552,552,,,,,,,,,,,,,0.5714285714285714,0.7003058103975536,,0.8317757009345801,0.2235294117647059,,,,,,,,,,,
553,553,553,553,553,553,,,,,,,,,,,,,0.5238095238095237,0.3302752293577982,,0.7850467289719631,0.2235294117647059,,,,,,,,,,,
554,554,554,554,554,554,,,,,,,,,,,,,0.7142857142857142,0.382262996941896,,0.822429906542057,0.2235294117647059,,,,,,,,,,,
555,555,555,555,555,555,,,,,,,,,,,,,0.5238095238095237,0.0611620795107033,,,0.2235294117647059,,,,,,,,,,,
556,556,556,556,556,556,,,,,,,,,,,,,0.8095238095238095,0.4984709480122324,,0.8598130841121501,0.2235294117647059,,,,,,,,,,,
557,557,557,557,557,557,,,,,,,,,,,,,0.7142857142857142,0.3486238532110092,,0.8037383177570092,0.2117647058823526,,,,,,,,,,,
558,558,558,558,558,558,,,,,,,,,,,,,0.2380952380952381,0.0275229357798165,,,0.2117647058823526,,,,,,,,,,,
559,559,559,559,559,559,,,,,,,,,,,,,0.3809523809523809,0.0611620795107033,,0.7102803738317762,0.2000000000000001,,,,,,,,,,,
560,560,560,560,560,560,,,,,,,,,,,,,0.1904761904761904,0.18348623853211,,0.8691588785046731,0.2000000000000001,,,,,,,,,,,
561,561,561,561,561,561,,,,,,,,,,,,,0.3333333333333332,0.1559633027522935,,,0.2000000000000001,,,,,,,,,,,
562,562,562,562,562,562,,,,,,,,,,,,,0.2857142857142858,0.3883792048929664,,0.897196261682244,0.1882352941176468,,,,,,,,,,,
563,563,563,563,563,563,,,,,,,,,,,,,0.5238095238095237,0.382262996941896,,0.897196261682244,0.1882352941176468,,,,,,,,,,,
564,564,564,564,564,564,,,,,,,,,,,,,0.3809523809523809,0.2782874617737003,,0.897196261682244,0.1882352941176468,,,,,,,,,,,
565,565,565,565,565,565,,,,,,,,,,,,,0.5714285714285714,0.4464831804281345,,0.990654205607477,0.1882352941176468,,,,,,,,,,,
566,566,566,566,566,566,,,,,,,,,,,,,0.3333333333333332,0.5902140672782875,,0.953271028037384,0.1764705882352939,,,,,,,,,,,
567,567,567,567,567,567,,,,,,,,,,,,,0.5238095238095237,0.6116207951070337,,0.7943925233644862,0.1764705882352939,,,,,,,,,,,
568,568,568,568,568,568,,,,,,,,,,,,,0.857142857142857,0.5504587155963303,,0.7757009345794392,0.1764705882352939,,,,,,,,,,,
569,569,569,569,569,569,,,,,,,,,,,,,0.6190476190476191,0.5596330275229358,,0.8785046728971961,0.1764705882352939,,,,,,,,,,,
570,570,570,570,570,570,,,,,,,,,,,,,0.9047619047619048,0.5259938837920489,,0.7663551401869162,0.1764705882352939,,,,,,,,,,,
571,571,571,571,571,571,,,,,,,,,,,,,0.4285714285714286,0.6636085626911316,,1.0,0.1411764705882356,,,,,,,,,,,
572,572,572,572,572,572,,,,,,,,,,,,,0.3809523809523809,0.0030581039755351,,,0.1176470588235294,,,,,,,,,,,
573,573,573,573,573,573,,,,,,,,,,,,,0.476190476190476,0.1223241590214067,,0.8317757009345801,0.1176470588235294,,,,,,,,,,,
574,574,574,574,574,574,,,,,,,,,,,,,0.7142857142857142,0.6146788990825688,,0.94392523364486,0.1058823529411765,,,,,,,,,,,
575,575,575,575,575,575,,,,,,,,,,,,,0.5714285714285714,0.6207951070336392,0.0,0.8691588785046731,0.1058823529411765,,,,,,,,,,,
576,576,576,576,576,576,,,,,,,,,,,,,0.5238095238095237,0.3975535168195719,,0.94392523364486,0.0941176470588236,,,,,,,,,,,
577,577,577,577,577,577,,,,,,,,,,,,,0.2380952380952381,0.0428134556574923,,,0.0823529411764707,,,,,,,,,,,
578,578,578,578,578,578,,,,,,,,,,,,,0.9047619047619048,0.4036697247706422,,0.8130841121495331,0.047058823529412,,,,,,,,,,,
579,579,579,579,579,579,,,,,,,,,,,,,0.5238095238095237,0.1620795107033639,0.0,,0.0117647058823529,,,,,,,,,,,
580,580,580,580,580,580,,,,,,,,,,,,,0.7619047619047619,0.4403669724770642,,0.9252336448598132,0.0,,,,,,,,,,,
