,Name,Age,aWAR,Salary,ProjSalary
0,Aaron Judge,30.0,11.0,19000000.0,42532012.0
0,Aaron Nola,29.0,6.15,15500000.0,42532012.0
1,Manny Machado,29.0,7.12,34000000.0,37438520.0
1,Carlos Rodon,29.0,5.8,21500000.0,37438520.0
2,Nolan Arenado,31.0,7.59,32974847.0,39616350.0
2,Justin Verlander,39.0,6.0,25000000.0,39616350.0
3,Paul Goldschmidt,34.0,7.46,25333333.0,40646450.0
3,Sandy Alcantara,26.0,6.87,3800000.0,40646450.0
4,Freddie Freeman,32.0,6.5,25440196.0,37927430.0
4,Kevin Gausman,31.0,4.35,21000000.0,37927430.0
5,Francisco Lindor,28.0,6.12,32477277.0,33302630.0
5,Shohei Ohtani,27.0,5.9,5500000.0,33302630.0
6,Yordan Alvarez,25.0,6.68,764600.0,32267152.0
6,Max Fried,28.0,5.46,6850000.0,32267152.0
7,Jose Altuve,32.0,5.87,29200000.0,36213520.0
7,Shane Bieber,27.0,4.2,6000000.0,36213520.0
8,Mookie Betts,29.0,6.52,18658692.0,35698524.0
8,Spencer Strider,23.0,4.3,710000.0,35698524.0
9,J.T. Realmuto,31.0,6.48,23875000.0,37182516.0
9,Corbin Burnes,27.0,4.31,6500000.0,37182516.0
10,Dansby Swanson,28.0,6.03,10000000.0,32944908.0
10,Framber Valdez,28.0,4.03,3000000.0,32944908.0
11,Trea Turner,29.0,5.6,21000000.0,32294810.0
11,Dylan Cease,26.0,5.41,750000.0,32294810.0
12,Jose Ramirez,29.0,6.09,22000000.0,34220356.0
12,Max Scherzer,37.0,4.82,43333333.0,34220356.0
13,Andres Gimenez,23.0,6.74,706600.0,30123230.0
13,Zac Gallen,26.0,4.69,745600.0,30123230.0
14,Xander Bogaerts,29.0,5.94,20000000.0,33658052.0
14,Yu Darvish,35.0,4.3,20000000.0,33658052.0
15,Mike Trout,30.0,6.14,37116667.0,35344656.0
15,Logan Webb,25.0,4.46,730000.0,35344656.0
16,Jeff McNeil,30.0,5.79,3000000.0,34115930.0
16,Alek Manoah,24.0,5.01,706200.0,34115930.0
17,Tommy Edman,27.0,6.01,722900.0,31727446.0
17,Zack Wheeler,32.0,4.58,26000000.0,31727446.0
18,Austin Riley,25.0,5.99,3950000.0,29139616.0
18,Tyler Anderson,32.0,4.14,8000000.0,29139616.0
19,Alex Bregman,28.0,5.0,13000000.0,28278788.0
19,Jose Quintana,33.0,3.72,2000000.0,28278788.0
20,Brandon Nimmo,29.0,5.24,7000000.0,30721712.0
20,Clayton Kershaw,34.0,3.78,17000000.0,30721712.0
21,Julio Rodriguez,21.0,5.76,700000.0,22240076.0
21,Martin Perez,31.0,4.38,4000000.0,22240076.0
22,Adley Rutschman,24.0,5.27,700000.0,24007328.0
22,Patrick Sandoval,25.0,3.64,720000.0,24007328.0
23,Sean Murphy,27.0,4.28,725000.0,23057158.0
23,Luis Castillo,29.0,3.97,7350000.0,23057158.0
24,Rafael Devers,25.0,4.67,11200000.0,22221510.0
24,Luis Castillo,29.0,3.97,7350000.0,22221510.0
25,Michael Harris II,21.0,2.4,700000.0,7290026.5
25,Luis Castillo,29.0,3.97,7350000.0,7290026.5
26,Kyle Tucker,25.0,4.93,764200.0,23637068.0
26,Luis Castillo,29.0,3.97,7350000.0,23637068.0
27,Willy Adames,26.0,4.56,4600000.0,23102614.0
27,Luis Castillo,27.0,2.16,7350000.0,23102614.0
28,Daulton Varsho,25.0,4.74,721700.0,22603324.0
28,Luis Castillo,27.0,2.16,7350000.0,22603324.0
29,Bo Bichette,24.0,4.04,723550.0,17377128.0
29,Luis Castillo,27.0,2.16,7350000.0,17377128.0
30,Corey Seager,28.0,4.26,33000000.0,24420830.0
30,Luis Castillo,27.0,2.16,7350000.0,24420830.0
31,Carlos Correa,27.0,4.92,35100000.0,26482982.0
31,Blake Snell,29.0,2.86,13100000.0,26482982.0
32,Steven Kwan,24.0,4.97,700000.0,22376176.0
32,Alex Cobb,34.0,3.14,9000000.0,22376176.0
33,George Springer,32.0,4.12,29666667.0,29292110.0
33,Nestor Cortes,27.0,3.91,727500.0,29292110.0
34,Cal Raleigh,25.0,4.02,702900.0,18701934.0
34,Triston McKenzie,24.0,3.76,707100.0,18701934.0
35,Marcus Semien,31.0,5.06,25000000.0,32308614.0
35,Brandon Woodruff,29.0,3.1,6800000.0,32308614.0
36,Christian Walker,31.0,4.6,2600000.0,30277654.0
36,Shane McClanahan,25.0,3.74,711400.0,30277654.0
37,Eugenio Suarez,30.0,4.01,11285714.0,25984660.0
37,Joe Musgrove,29.0,3.32,8625000.0,25984660.0
38,Matt Chapman,29.0,3.81,12500000.0,23455746.0
38,Cristian Javier,25.0,3.54,749100.0,23455746.0
39,Jake Cronenworth,28.0,4.11,757200.0,23609656.0
39,Merrill Kelly,33.0,3.42,5250000.0,23609656.0
40,Pete Alonso,27.0,4.21,7400000.0,22675828.0
40,Gerrit Cole,31.0,2.86,36000000.0,22675828.0
41,Byron Buxton,28.0,4.0,9142857.0,23011698.0
41,Julio Urias,25.0,4.04,8000000.0,23011698.0
42,Nico Hoerner,25.0,4.23,720000.0,19828416.0
42,Logan Gilbert,25.0,3.2,712300.0,19828416.0
43,Jose Abreu,35.0,4.04,19131153.0,32584992.0
43,Ross Stripling,32.0,2.9,3790000.0,32584992.0
44,Will Smith,27.0,4.06,13000000.0,21857572.0
44,Corey Kluber,36.0,1.82,8000000.0,21857572.0
45,Travis d'Arnaud,33.0,3.38,8000000.0,26949624.0
45,Jeffrey Springs,29.0,3.32,947500.0,26949624.0
46,Shohei Ohtani,27.0,3.62,5500000.0,19468968.0
46,George Kirby,24.0,2.2,700000.0,19468968.0
47,Juan Soto,23.0,4.7,17100000.0,19433486.0
47,Edwin Diaz,28.0,3.08,10200000.0,19433486.0
48,Taylor Ward,28.0,3.72,720000.0,21484728.0
48,Kyle Wright,26.0,3.26,720000.0,21484728.0
49,Yandy Diaz,30.0,3.66,2800000.0,24114898.0
49,Drew Rasmussen,26.0,2.91,711800.0,24114898.0
50,Alejandro Kirk,23.0,3.86,710400.0,15096991.0
50,Brady Singer,25.0,3.72,726250.0,15096991.0
51,Adolis Garcia,29.0,3.65,714000.0,22584774.0
51,Tarik Skubal,25.0,2.07,713600.0,22584774.0
52,Ha-seong Kim,26.0,1.85,700000.0,9935850.0
52,Miles Mikolas,33.0,2.6,17000000.0,9935850.0
53,Jose Trevino,29.0,3.0,720000.0,19057450.0
53,Adam Wainwright,40.0,2.3,17500000.0,19057450.0
54,Ian Happ,27.0,3.96,6850000.0,21312178.0
54,Pablo Lopez,26.0,2.9,2450000.0,21312178.0
55,Elvis Andrus,33.0,3.27,14250000.0,26377986.0
55,Tony Gonsolin,28.0,3.66,720000.0,26377986.0
56,Cedric Mullins II,27.0,1.7,700000.0,10394372.0
56,Chris Bassitt,33.0,2.94,8650000.0,10394372.0
57,Jeremy Pena,24.0,4.1,700000.0,17690028.0
57,Jordan Montgomery,29.0,2.15,6000000.0,17690028.0
58,Willson Contreras,30.0,3.62,9625000.0,23898536.0
58,Kyle Freeland,29.0,2.52,7000000.0,23898536.0
59,Luis Arraez,25.0,3.81,2125000.0,17594114.0
59,Justin Steele,26.0,2.3,705000.0,17594114.0
60,Matt Olson,28.0,3.22,15000000.0,18781580.0
60,Taijuan Walker,29.0,2.52,8000000.0,18781580.0
61,Ryan McMahon,27.0,3.1,5000000.0,16731832.0
61,Carlos Carrasco,35.0,1.82,12000000.0,16731832.0
62,Nathaniel Lowe,26.0,3.16,700000.0,15663357.0
62,Sonny Gray,32.0,2.38,11825000.0,15663357.0
63,Starling Marte,33.0,3.38,15750000.0,26949624.0
63,Johnny Cueto,36.0,2.94,700000.0,26949624.0
64,Brandon Drury,29.0,2.78,900000.0,17890522.0
64,Emmanuel Clase,24.0,2.6,1900000.0,17890522.0
65,Gavin Lux,24.0,2.76,720000.0,11365963.0
65,Jameson Taillon,30.0,1.78,5800000.0,11365963.0
66,DJ LeMahieu,33.0,3.38,700000.0,26949624.0
66,Ranger Suarez,26.0,2.38,730000.0,26949624.0
67,Ke'Bryan Hayes,25.0,3.64,10000000.0,16714939.0
67,Reid Detmers,22.0,2.35,710000.0,16714939.0
68,Bryan Reynolds,27.0,2.91,6750000.0,15771167.0
68,Cal Quantrill,27.0,2.05,2510000.0,15771167.0
69,Vladimir Guerrero Jr.,23.0,3.36,700000.0,12765816.0
69,Noah Syndergaard,29.0,2.0,21000000.0,12765816.0
70,Andrew Benintendi,27.0,2.98,8500000.0,16122135.0
70,Evan Phillips,27.0,2.48,720000.0,16122135.0
71,Mark Canha,33.0,2.64,13000000.0,23002154.0
71,Devin Williams,27.0,2.16,714500.0,23002154.0
72,Jonah Heim,27.0,2.62,714000.0,14357959.0
72,Jacob deGrom,34.0,1.82,27257728.0,14357959.0
73,Jorge Mateo,27.0,3.1,709500.0,16731832.0
73,Jesus Luzardo,24.0,2.12,715000.0,16731832.0
74,Lars Nootbaar,24.0,2.42,705200.0,10035131.0
74,Luis Garcia,25.0,1.82,3250000.0,10035131.0
75,Brendan Donovan,25.0,3.4,700000.0,15506384.0
75,Luis Garcia,25.0,1.82,3250000.0,15506384.0
76,Randy Arozarena,27.0,2.74,716600.0,14934396.0
76,Luis Garcia,35.0,1.56,3250000.0,14934396.0
77,Gleyber Torres,25.0,3.4,6250000.0,15506384.0
77,Luis Garcia,35.0,1.56,3250000.0,15506384.0
78,Josh Rojas,28.0,2.93,730900.0,17255646.0
78,Joe Ryan,26.0,2.16,701650.0,17255646.0
79,Thairo Estrada,26.0,2.16,715000.0,11135499.0
79,Tyler Mahle,27.0,2.16,5200000.0,11135499.0
80,Jazz Chisholm Jr.,24.0,2.5,700000.0,10337176.0
80,A.J. Minter,28.0,1.98,2200000.0,10337176.0
81,Danny Jansen,27.0,2.76,1950000.0,15031641.0
81,Mitch Keller,26.0,2.05,725000.0,15031641.0
82,Kyle Schwarber,29.0,2.39,19000000.0,15887585.0
82,Ryan Helsley,27.0,2.33,722450.0,15887585.0
83,Ramon Urias,28.0,3.1,705500.0,18145056.0
83,Reynaldo Lopez,28.0,1.74,2625000.0,18145056.0
84,Trayce Thompson,31.0,2.18,700000.0,17593574.0
84,Marcus Stroman,31.0,2.28,25000000.0,17593574.0
85,Hunter Renfroe,30.0,2.58,7650000.0,18268122.0
85,Frankie Montas,29.0,1.54,5025000.0,18268122.0
86,Anthony Santander,27.0,2.28,3150000.0,12795056.0
86,Freddy Peralta,26.0,1.52,2484960.0,12795056.0
87,Kolten Wong,31.0,2.81,8500000.0,20966820.0
87,Lance Lynn,35.0,1.35,18500000.0,20966820.0
88,Jurickson Profar,29.0,2.81,6500000.0,18048312.0
88,Zack Greinke,38.0,2.22,13000000.0,18048312.0
89,Bryce Harper,29.0,2.44,27538462.0,16138764.0
89,JT Brubaker,28.0,1.03,725000.0,16138764.0
90,William Contreras,24.0,2.56,710000.0,10568208.0
90,Andres Munoz,23.0,1.67,937500.0,10568208.0
91,Anthony Rizzo,32.0,2.36,16000000.0,19998872.0
91,Robbie Ray,30.0,1.94,21000000.0,19998872.0
92,Teoscar Hernandez,29.0,2.58,10650000.0,16851326.0
92,Lucas Giolito,27.0,1.13,7450000.0,16851326.0
93,Justin Turner,37.0,2.19,19579357.0,26412470.0
93,Kyle Gibson,34.0,1.23,7666667.0,26412470.0
94,Ty France,27.0,2.73,734500.0,14885891.0
94,Dean Kremer,26.0,2.31,705500.0,14885891.0
95,Gio Urshela,30.0,2.77,700000.0,19280650.0
95,Rich Hill,42.0,1.33,5000000.0,19280650.0
96,Isaac Paredes,23.0,2.36,700000.0,8856292.0
96,Jon Gray,30.0,1.58,15000000.0,8856292.0
97,Trevor Story,29.0,2.46,20000000.0,16239735.0
97,Daniel Bard,37.0,2.78,4400000.0,16239735.0
98,Amed Rosario,26.0,3.29,4950000.0,16315916.0
98,Nick Lodolo,24.0,2.28,700000.0,16315916.0
99,Max Muncy,31.0,2.56,13000000.0,19612136.0
99,Alex Wood,31.0,0.97,12500000.0,19612136.0
100,Dylan Carlson,23.0,2.18,703800.0,8265700.0
100,Michael King,27.0,1.77,722500.0,8265700.0
101,Matt Carpenter,36.0,2.33,700000.0,25720132.0
101,Trevor Stephan,26.0,1.36,703400.0,25720132.0
102,Jake McCarthy,24.0,2.34,702400.0,9739960.0
102,John Schreiber,28.0,2.19,700000.0,9739960.0
103,Wander Franco,21.0,2.44,1454546.0,7404924.0
103,Jose Alvarado,27.0,1.34,1900000.0,7404924.0
104,Luis Urias,25.0,2.68,2550000.0,12169687.0
104,Erik Swanson,28.0,1.74,711600.0,12169687.0
105,Christian Yelich,30.0,2.48,26000000.0,17741830.0
105,Jose Suarez,24.0,1.62,720000.0,17741830.0
106,Eduardo Escobar,33.0,1.73,10000000.0,18083072.0
106,Hector Neris,33.0,1.05,8000000.0,18083072.0
107,Bobby Witt Jr.,22.0,1.15,700000.0,4952610.5
107,Jordan Romano,29.0,2.24,728400.0,4952610.5
108,Santiago Espinal,27.0,2.24,718000.0,12618431.0
108,Hunter Greene,22.0,1.92,700000.0,12618431.0
109,Jon Berti,32.0,2.38,1200000.0,20107072.0
109,Liam Hendriks,33.0,1.66,13333333.0,20107072.0
110,Rhys Hoskins,29.0,2.57,7700000.0,16799992.0
110,Chris Martin,36.0,1.32,2500000.0,16799992.0
111,Ronald Acuna Jr.,24.0,2.49,700000.0,10299047.0
111,Caleb Thielbar,35.0,1.04,1300000.0,10299047.0
112,Jace Peterson,32.0,2.26,1825000.0,19459540.0
112,Raisel Iglesias,32.0,1.59,10000000.0,19459540.0
113,Mike Yastrzemski,31.0,1.98,3700000.0,16561138.0
113,Jimmy Herget,28.0,1.97,720000.0,16561138.0
114,Joc Pederson,30.0,1.68,6000000.0,13770655.0
114,Michael Wacha,30.0,2.42,7000000.0,13770655.0
115,Austin Slater,29.0,1.7,1850000.0,12632939.0
115,Nick Pivetta,29.0,2.05,2650000.0,12632939.0
116,Dylan Moore,29.0,1.74,1350000.0,12809694.0
116,Charlie Morton,38.0,1.56,20000000.0,12809694.0
117,Luis Robert,24.0,2.09,6000000.0,8861863.0
117,Alex Vesia,26.0,1.51,720000.0,8861863.0
118,Tyrone Taylor,28.0,2.1,711100.0,13205643.0
118,Rafael Montero,31.0,1.38,2725000.0,13205643.0
119,Trent Grisham,25.0,2.36,729300.0,10849126.0
119,Adrian Sampson,30.0,1.79,700000.0,10849126.0
120,Josh Bell,29.0,2.5,10000000.0,16442524.0
120,David Bednar,27.0,1.42,715000.0,16442524.0
121,Seiya Suzuki,27.0,1.98,8000000.0,11509689.0
121,Braxton Garrett,24.0,1.38,700000.0,11509689.0
122,Chas McCormick,27.0,1.64,703800.0,10166235.0
122,Jhoan Duran,24.0,2.14,700000.0,10166235.0
123,Tim Anderson,29.0,1.63,9500000.0,12327447.0
123,Jordan Lyles,31.0,1.18,6000000.0,12327447.0
124,J.P. Crawford,27.0,2.38,6000000.0,13243454.0
124,Cole Irvin,28.0,1.73,705000.0,13243454.0
125,Javier Baez,29.0,2.23,20000000.0,15096487.0
125,German Marquez,27.0,1.42,11300000.0,15096487.0
126,Max Kepler,29.0,2.04,6750000.0,14184144.0
126,Luis Severino,28.0,1.5,11500000.0,14184144.0
127,Brandon Crawford,35.0,1.29,16000000.0,18630066.0
127,David Peterson,26.0,1.12,700000.0,18630066.0
128,Myles Straw,27.0,2.34,1650000.0,13062932.0
128,Bryan Abreu,25.0,1.37,719600.0,13062932.0
129,Seby Zavala,28.0,1.43,700000.0,10400699.0
129,Felix Bautista,27.0,2.0,700000.0,10400699.0
130,Christian Bethancourt,30.0,1.42,700000.0,12596239.0
130,Garrett Whitlock,26.0,1.6,720000.0,12596239.0
131,Chris Taylor,31.0,1.19,15000000.0,12779969.0
131,Bryan Baker,27.0,1.28,700500.0,12779969.0
132,Jose Siri,26.0,1.62,704000.0,9112376.0
132,Collin McHugh,35.0,1.68,4000000.0,9112376.0
133,Albert Pujols,42.0,1.98,2500000.0,31919902.0
133,Ryan Pressly,33.0,1.14,10000000.0,31919902.0
134,Jorge Polanco,28.0,2.31,5000000.0,14176360.0
134,Joe Jimenez,27.0,0.91,1790000.0,14176360.0
135,Seth Brown,29.0,1.73,705000.0,12765359.0
135,Zach Eflin,28.0,1.16,5550000.0,12765359.0
136,Jack Suwinski,23.0,1.47,700000.0,6260810.0
136,Antonio Senzatela,27.0,0.94,7250000.0,6260810.0
137,Eloy Jimenez,25.0,1.72,7333333.0,8534740.0
137,Bailey Ober,26.0,1.14,706200.0,8534740.0
138,Josh Naylor,25.0,1.76,1200000.0,8666541.0
138,Drew Smyly,33.0,1.59,4250000.0,8666541.0
139,Brendan Rodgers,25.0,2.99,710000.0,13547868.0
139,Jake Odorizzi,32.0,0.6,8000000.0,13547868.0
140,David Peralta,34.0,1.18,8000000.0,16637437.0
140,Matt Moore,33.0,1.86,700000.0,16637437.0
141,Jean Segura,32.0,1.74,14850000.0,16722855.0
141,Jakob Junis,29.0,1.46,700000.0,16722855.0
142,Brandon Marsh,24.0,1.64,710000.0,7448279.5
142,Graham Ashcraft,24.0,1.19,700000.0,7448279.5
143,Keibert Ruiz,23.0,1.67,701300.0,6774912.0
143,Aaron Civale,27.0,0.24,716900.0,6774912.0
144,Cody Bellinger,26.0,1.43,17000000.0,8474844.0
144,Anthony Bass,34.0,2.0,3000000.0,8474844.0
145,Kyle Higashioka,32.0,1.16,935000.0,13879009.0
145,Giovanny Gallegos,30.0,0.97,2410000.0,13879009.0
146,Oscar Gonzalez,24.0,1.84,700000.0,8050398.0
146,Jason Adam,30.0,1.96,900000.0,8050398.0
147,Christopher Morel,23.0,1.48,700000.0,6285611.0
147,Brayan Bello,23.0,0.84,700000.0,6285611.0
148,Ryan Mountcastle,25.0,1.46,711000.0,7719075.5
148,Scott Effross,28.0,1.24,701500.0,7719075.5
149,Luis Rengifo,25.0,2.02,700000.0,9564901.0
149,Mitch White,27.0,0.3,700000.0,9564901.0
150,Christian Vazquez,31.0,1.84,7000000.0,15854057.0
150,Camilo Doval,24.0,1.54,703750.0,15854057.0
151,Josh Donaldson,36.0,1.98,23750000.0,23843832.0
151,Joe Mantiply,31.0,1.05,717000.0,23843832.0
152,Reese McGuire,27.0,1.23,722400.0,8710741.0
152,Pete Fairbanks,28.0,1.23,714400.0,8710741.0
153,Joey Meneses,30.0,1.3,700000.0,12076559.0
153,Jose Urquidy,27.0,1.16,748700.0,12076559.0
154,Tyler Stephenson,25.0,1.5,720000.0,7839972.5
154,Jose Berrios,28.0,0.28,700000.0,7839972.5
155,Vinnie Pasquantino,24.0,1.5,700000.0,7051072.5
155,Eric Lauer,27.0,1.32,2425000.0,7051072.5
156,Daniel Vogelbach,29.0,1.43,700000.0,11482033.0
156,Sean Manaea,30.0,0.11,9750000.0,11482033.0
157,Nick Gordon,26.0,1.68,706800.0,9321717.0
157,Clay Holmes,29.0,1.2,1100000.0,9321717.0
158,Oswaldo Cabrera,23.0,1.68,700000.0,6801629.0
158,Adam Ottavino,36.0,1.68,4000000.0,6801629.0
159,Sam Haggerty,28.0,1.82,700000.0,11977350.0
159,Dylan Lee,27.0,1.21,700000.0,11977350.0
160,Austin Hays,26.0,1.88,713000.0,10047452.0
160,Kenley Jansen,34.0,1.01,16000000.0,10047452.0
161,Alec Bohm,25.0,1.16,715000.0,6864257.0
161,Andrew Heaney,31.0,0.89,8500000.0,6864257.0
162,Manuel Margot,27.0,1.52,5600000.0,9721551.0
162,Sam Hentges,25.0,1.19,702500.0,9721551.0
163,Whit Merrifield,33.0,0.8,7000000.0,13470777.0
163,Michael Lorenzen,30.0,1.02,6750000.0,13470777.0
164,Michael A. Taylor,31.0,2.36,4500000.0,18541848.0
164,Dakota Hudson,27.0,0.55,1050000.0,18541848.0
165,Harrison Bader,28.0,1.3,5200000.0,9911051.0
165,Cionel Perez,26.0,1.88,705000.0,9911051.0
166,Aaron Hicks,32.0,1.52,10785714.0,15613159.0
166,Alexis Diaz,25.0,2.06,700000.0,15613159.0
167,Tony Kemp,30.0,1.27,2225000.0,11948917.0
167,Seranthony Dominguez,27.0,1.23,727500.0,11948917.0
168,Jonathan Schoop,30.0,0.81,7500000.0,10109609.0
168,Nathan Eovaldi,32.0,1.26,17000000.0,10109609.0
169,Corbin Carroll,21.0,1.27,700000.0,4664484.5
169,Walker Buehler,27.0,0.72,7250000.0,4664484.5
170,Garrett Cooper,31.0,1.21,2500000.0,12868804.0
170,Adrian Houser,29.0,0.08,2425000.0,12868804.0
171,Ketel Marte,28.0,1.45,8400000.0,10477639.0
171,Enyel De Los Santos,26.0,0.88,700000.0,10477639.0
172,Wilmer Flores,30.0,1.01,3500000.0,10881812.0
172,Michael Kopech,26.0,1.62,730000.0,10881812.0
173,Austin Barnes,32.0,1.02,2650000.0,13235510.0
173,Austin Voth,30.0,1.01,875000.0,13235510.0
174,Kyle Farmer,31.0,1.19,3155000.0,12779969.0
174,J.P. Feyereisen,29.0,1.18,708600.0,12779969.0
175,Nick Fortes,25.0,1.36,700000.0,7424030.5
175,Andrew Bellatti,30.0,0.92,700000.0,7424030.5
176,Ildemaro Vargas,30.0,1.42,700000.0,12596239.0
176,Taylor Rogers,31.0,0.16,7300000.0,12596239.0
177,Josh Harrison,34.0,1.48,4000000.0,18197298.0
177,Wandy Peralta,30.0,1.03,2150000.0,18197298.0
178,Bryson Stott,24.0,1.33,700000.0,6594902.5
178,Nick Nelson,26.0,0.6,706000.0,6594902.5
179,Rob Refsnyder,31.0,1.16,700000.0,12647454.0
179,James Karinchak,26.0,1.12,714500.0,12647454.0
180,C.J. Cron,32.0,1.69,7000000.0,16467683.0
180,Hunter Harvey,27.0,1.01,700000.0,16467683.0
181,Evan Longoria,36.0,0.97,19492642.0,18373422.0
181,Matt Manning,24.0,0.89,705300.0,18373422.0
182,Eric Haase,29.0,1.72,710400.0,12721120.0
182,Buck Farmer,31.0,0.9,850000.0,12721120.0
183,Ji-Man Choi,31.0,1.26,3200000.0,13092599.0
183,Adam Cimber,31.0,0.88,1575000.0,13092599.0
184,Tyler O'Neill,27.0,1.27,3400000.0,8844809.0
184,Ian Anderson,24.0,0.39,710000.0,8844809.0
185,Luis Guillorme,27.0,1.46,875000.0,9505014.0
185,Brock Burke,25.0,1.5,714000.0,9505014.0
186,Kevin Newman,28.0,1.18,1950000.0,9475186.0
186,Scott Barlow,29.0,1.86,2400000.0,9475186.0
187,Cavan Biggio,27.0,1.1,2112500.0,8286744.0
187,Griffin Jax,27.0,0.9,700000.0,8286744.0
188,Gary Sanchez,29.0,1.1,9000000.0,10178679.0
188,Tyler Wells,27.0,1.05,704500.0,10178679.0
189,Isiah Kiner-Falefa,27.0,2.12,4700000.0,12098143.0
189,John Brebbia,32.0,1.23,837500.0,12098143.0
190,Michael Brantley,35.0,1.25,16000000.0,18417670.0
190,Craig Kimbrel,34.0,0.55,16000000.0,18417670.0
191,Giancarlo Stanton,32.0,0.94,29000000.0,12876153.0
191,Taylor Hearn,27.0,0.2,1050000.0,12876153.0
192,Harold Ramirez,27.0,1.21,728000.0,8644343.0
192,Roansy Contreras,22.0,1.06,700000.0,8644343.0
193,Oneil Cruz,23.0,1.74,700000.0,6963996.0
193,Spenser Watkins,29.0,0.52,700000.0,6963996.0
194,Alex Verdugo,26.0,1.21,3550000.0,7784306.5
194,Austin Gomber,28.0,0.6,710000.0,7784306.5
195,Leody Taveras,23.0,0.98,700000.0,5156025.5
195,Lucas Luetge,35.0,0.8,905000.0,5156025.5
196,Joey Wendle,32.0,1.81,4550000.0,17082816.0
196,Yimi Garcia,31.0,0.74,4500000.0,17082816.0
197,Edmundo Sosa,26.0,1.3,715600.0,8060677.5
197,Dane Dunning,27.0,0.96,714000.0,8060677.5
198,Victor Caratini,28.0,0.9,2000000.0,8518215.0
198,Zach Plesac,27.0,0.06,2000000.0,8518215.0
199,Miguel Rojas,33.0,1.86,5000000.0,18772230.0
199,Ryne Stanek,30.0,1.54,2100000.0,18772230.0
200,Nicky Lopez,27.0,0.52,2550000.0,6607782.5
200,Andrew Chafin,32.0,0.59,6500000.0,6607782.5
201,Jose Miranda,24.0,1.04,700000.0,5880419.5
201,Zach Jackson,27.0,0.92,700000.0,5880419.5
202,Patrick Wisdom,30.0,0.98,730000.0,10763258.0
202,Aaron Ashby,24.0,0.18,704500.0,10763258.0
203,Trevor Larnach,25.0,1.22,700000.0,7028002.0
203,Tyler Kinley,31.0,1.0,1025000.0,7028002.0
204,Lane Thomas,26.0,1.36,723600.0,8249621.5
204,Brooks Raley,34.0,0.9,4250000.0,8249621.5
205,Ozzie Albies,25.0,0.99,5000000.0,6419391.5
205,Chris Paddack,26.0,0.56,2250000.0,6419391.5
206,Kevin Kiermaier,32.0,1.1,12166667.0,13600986.0
206,Duane Underwood Jr.,27.0,0.22,700000.0,13600986.0
207,Adam Frazier,30.0,0.98,8000000.0,10763258.0
207,Jovani Moran,25.0,0.9,700000.0,10763258.0
208,Omar Narvaez,30.0,0.67,5000000.0,9594582.0
208,Keegan Thompson,27.0,0.98,706000.0,9594582.0
209,Garrett Mitchell,23.0,0.96,700000.0,5115335.5
209,Paul Blackburn,28.0,1.08,710000.0,5115335.5
210,Jake Fraley,27.0,0.82,710000.0,7433601.5
210,Patrick Corbin,32.0,-0.82,23416667.0,7433601.5
211,J.D. Martinez,34.0,1.04,19375000.0,15928893.0
211,Nabil Crismatt,27.0,0.63,721500.0,15928893.0
212,Lourdes Gurriel Jr.,28.0,1.58,700000.0,10988131.0
212,Lance McCullers Jr.,28.0,1.12,15950000.0,10988131.0
213,Wil Myers,31.0,1.11,22500000.0,12428578.0
213,Jorge Lopez,29.0,1.32,1500000.0,12428578.0
214,Jose Iglesias,32.0,1.08,5000000.0,13509054.0
214,MacKenzie Gore,23.0,0.52,700000.0,13509054.0
215,Emmanuel Rivera,26.0,1.32,700000.0,8123238.5
215,Trevor Rogers,24.0,0.12,722000.0,8123238.5
216,Carlos Santana,36.0,1.1,10500000.0,19065724.0
216,Jose Urena,30.0,0.53,1250000.0,19065724.0
217,David Villar,25.0,1.1,700000.0,6704051.5
217,Daniel Hudson,35.0,0.7,6000000.0,6704051.5
218,J.D. Davis,29.0,0.8,2760000.0,9094925.0
218,Bryce Elder,23.0,0.9,700000.0,9094925.0
219,Rodolfo Castro,23.0,1.12,700000.0,5450230.0
219,Brusdar Graterol,23.0,0.69,720000.0,5450230.0
220,Charles Leblanc,26.0,0.79,700000.0,6603488.5
220,Josh Hader,28.0,-0.12,11000000.0,6603488.5
221,Nate Eaton,25.0,0.89,700000.0,6170583.5
221,Jason Foley,26.0,0.54,701400.0,6170583.5
222,Trey Mancini,30.0,1.14,7500000.0,11406533.0
222,Chris Stratton,31.0,0.29,2700000.0,11406533.0
223,Brandon Lowe,27.0,0.92,4000000.0,7728985.0
223,Chris Flexen,27.0,0.98,3050000.0,7728985.0
224,Riley Greene,21.0,1.16,700000.0,4466579.5
224,Dylan Bundy,29.0,0.21,4000000.0,4466579.5
225,Jesus Sanchez,24.0,0.95,709000.0,5674365.0
225,Alex Lange,26.0,0.53,703700.0,5674365.0
226,Adam Duvall,33.0,0.38,9275000.0,11633649.0
226,Brad Keller,26.0,0.46,4825000.0,11633649.0
227,Ramon Laureano,27.0,0.86,2046154.0,7550526.5
227,Robert Suarez,31.0,1.05,6000000.0,7550526.5
228,Ryan Jeffers,25.0,0.9,713050.0,6195044.0
228,Tanner Houck,26.0,1.16,716000.0,6195044.0
229,Zach McKinstry,27.0,0.76,700000.0,7261261.0
229,Michael Fulmer,29.0,0.74,4950000.0,7261261.0
230,Yoan Moncada,27.0,0.88,13800000.0,7609601.5
230,Steven Matz,31.0,0.17,8500000.0,7609601.5
231,Tomas Nido,28.0,0.6,890000.0,7584886.5
231,David Robertson,37.0,1.67,3500000.0,7584886.5
232,Eli White,28.0,0.92,714000.0,8583797.0
232,Brad Boxberger,34.0,0.88,1750000.0,8583797.0
233,Sean Bouchard,26.0,0.86,700000.0,6788121.5
233,Penn Murfee,28.0,0.87,700000.0,6788121.5
234,Nick Maton,25.0,0.73,700000.0,5791729.5
234,Johan Oviedo,24.0,0.88,700000.0,5791729.5
235,Gunnar Henderson,21.0,0.86,700000.0,3971478.8
235,Jesse Chavez,38.0,0.55,1250000.0,3971478.8
236,Danny Mendick,28.0,0.65,714000.0,7733943.5
236,Kyle Bradish,25.0,0.52,700000.0,7733943.5
237,Rowdy Tellez,27.0,0.86,1940000.0,7550526.5
237,Daniel Lynch,25.0,0.63,703600.0,7550526.5
238,Keston Hiura,25.0,0.78,705100.0,5907619.5
238,Hayden Wesneski,24.0,0.82,700000.0,5907619.5
239,Mitch Haniger,31.0,1.06,7750000.0,12212209.0
239,Kendall Graveman,31.0,0.84,8000000.0,12212209.0
240,Anthony Rendon,32.0,0.91,36571429.0,12742997.0
240,Hoby Milner,31.0,0.56,705100.0,12742997.0
241,Ryan McKenna,25.0,0.51,704000.0,5307997.0
241,Taylor Clarke,29.0,0.64,975000.0,5307997.0
242,Livan Soto,22.0,0.72,700000.0,4180943.8
242,Dennis Santana,26.0,-0.04,720000.0,4180943.8
243,Conner Capel,25.0,0.44,700000.0,5162769.5
243,Domingo German,29.0,0.7,1750000.0,5162769.5
244,Mark Mathias,27.0,0.8,700000.0,7375750.0
244,Connor Overton,28.0,0.87,700000.0,7375750.0
245,Vaughn Grissom,21.0,0.75,700000.0,3805389.8
245,Dylan Floro,31.0,0.76,3000000.0,3805389.8
246,Gabriel Moreno,22.0,0.68,700000.0,4116042.0
246,David Phelps,35.0,0.92,1750000.0,4116042.0
247,Yonathan Daza,28.0,0.88,705000.0,8453058.0
247,Andre Pallante,23.0,1.01,700000.0,8453058.0
248,Orlando Arcia,27.0,0.7,1600000.0,7092546.5
248,Kyle Finnegan,30.0,0.77,725900.0,7092546.5
249,Rafael Ortega,31.0,0.5,700000.0,9966428.0
249,Bailey Falter,25.0,0.93,703000.0,9966428.0
250,Willi Castro,25.0,0.96,700000.0,6343761.0
250,Eli Morgan,26.0,0.4,702100.0,6343761.0
251,Luke Maile,31.0,0.68,900000.0,10652105.0
251,Eduardo Rodriguez,29.0,0.35,14000000.0,10652105.0
252,David Fletcher,28.0,0.9,4000000.0,8518215.0
252,Jake Woodford,25.0,0.69,714350.0,8518215.0
253,Aristides Aquino,28.0,1.02,720000.0,8918087.0
253,Matt Brash,24.0,0.37,700100.0,8918087.0
254,Kyle Isbel,25.0,0.47,701900.0,5224507.5
254,Tylor Megill,26.0,0.3,707500.0,5224507.5
255,Meibrys Viloria,25.0,0.48,700000.0,5245254.0
255,Ryan Feltner,25.0,0.32,700000.0,5245254.0
256,Kris Bryant,30.0,0.5,18000000.0,8997501.0
256,Trevor Williams,30.0,1.01,3900000.0,8997501.0
257,Garrett Stubbs,29.0,0.84,704500.0,9233842.0
257,Tyler Rogers,31.0,0.74,730000.0,9233842.0
258,Stuart Fairchild,26.0,0.59,700000.0,6101749.0
258,Davis Martin,25.0,0.34,700000.0,6101749.0
259,Mike Brosseau,28.0,0.53,706300.0,7380506.5
259,Justin Lawrence,27.0,0.23,700000.0,7380506.5
260,Alex Call,27.0,0.45,700000.0,6427760.5
260,Hunter Brown,23.0,0.72,700000.0,6427760.5
261,Bryan De La Cruz,25.0,0.6,706000.0,5500810.0
261,Jalen Beeks,28.0,0.86,750000.0,5500810.0
262,Roberto Perez,33.0,0.57,5000000.0,12442944.0
262,Connor Brogdon,27.0,0.78,715000.0,12442944.0
263,Aledmys Diaz,31.0,0.79,4450000.0,11088146.0
263,Gregory Soto,27.0,0.25,722400.0,11088146.0
264,Tommy Pham,34.0,0.49,6000000.0,13295847.0
264,Lucas Gilbreath,26.0,0.6,702000.0,13295847.0
265,Michael Massey,24.0,0.66,700000.0,5058218.0
265,Ian Gibaut,28.0,0.44,700000.0,5058218.0
266,Joey Bart,25.0,0.68,707500.0,5678074.5
266,Madison Bumgarner,32.0,-0.12,21882892.0,5678074.5
267,Owen Miller,25.0,0.46,701100.0,5203845.5
267,JP Sears,26.0,0.66,700000.0,5203845.5
268,Joey Gallo,28.0,0.42,10275000.0,7069349.0
268,Chad Kuhl,29.0,0.23,3000000.0,7069349.0
269,Yan Gomes,34.0,0.68,6000000.0,14175872.0
269,Paul Sewald,32.0,1.04,1735000.0,14175872.0
270,Geraldo Perdomo,22.0,0.63,701300.0,4036466.8
270,Clarke Schmidt,26.0,0.66,712500.0,4036466.8
271,Tyler Heineman,31.0,0.38,700000.0,9528636.0
271,Zach Pop,25.0,0.6,700000.0,9528636.0
272,James Outman,25.0,0.44,700000.0,5162769.5
272,Dillon Tate,28.0,0.9,711500.0,5162769.5
273,Tom Murphy,31.0,0.51,1575000.0,10003613.0
273,Nick Martinez,31.0,0.79,6000000.0,10003613.0
274,Royce Lewis,23.0,0.41,700000.0,4118695.0
274,Drey Jameson,24.0,0.88,700000.0,4118695.0
275,Stone Garrett,26.0,0.48,700000.0,5841633.5
275,Keegan Akin,27.0,0.66,709500.0,5841633.5
276,Jason Vosler,28.0,0.26,700000.0,6638198.5
276,Tim Hill,32.0,0.4,1325000.0,6638198.5
277,Kerry Carpenter,24.0,0.49,700000.0,4729289.0
277,Amir Garrett,30.0,0.26,2025000.0,4729289.0
278,Salvador Perez,32.0,1.6,18000000.0,16012688.0
278,Kutter Crawford,26.0,0.35,702000.0,16012688.0
279,T.J. Friedl,26.0,0.25,700000.0,5332566.0
279,Kris Bubic,24.0,0.1,713750.0,5332566.0
280,David Bote,29.0,0.64,2510000.0,8556366.0
280,Joey Wentz,24.0,0.5,700000.0,8556366.0
281,Donovan Solano,34.0,0.67,4500000.0,14128735.0
281,Wade Miley,35.0,0.27,10000000.0,14128735.0
282,Nolan Gorman,22.0,0.6,700000.0,3989539.2
282,Adbert Alzolay,27.0,0.31,718250.0,3989539.2
283,Jorge Soler,30.0,0.46,12000000.0,8861514.0
283,Richard Bleier,35.0,0.56,2250000.0,8861514.0
284,A.J. Pollock,34.0,0.25,14500000.0,12233516.0
284,Zach Davies,29.0,0.6,1500000.0,12233516.0
285,Sam Huff,24.0,0.38,700000.0,4528469.0
285,Shawn Armstrong,31.0,0.32,1000000.0,4528469.0
286,Jorge Alfaro,29.0,0.67,2725000.0,8655266.0
286,Chris Archer,33.0,0.27,2750000.0,8655266.0
287,Jake Marisnick,31.0,0.37,1300000.0,9492851.0
287,Caleb Ferguson,25.0,0.62,762500.0,9492851.0
288,Odubel Herrera,30.0,0.34,1750000.0,8463773.0
288,Kevin Ginkel,28.0,0.29,700000.0,8463773.0
289,Brian Anderson,29.0,0.42,4475000.0,7860075.0
289,Daulton Jefferies,26.0,0.12,700000.0,7860075.0
290,Jake Cave,29.0,0.52,700000.0,8170273.0
290,Joe Kelly,34.0,-0.04,8000000.0,8170273.0
291,Cesar Hernandez,32.0,0.64,4000000.0,11585236.0
291,Luke Weaver,28.0,-0.05,2875000.0,11585236.0
292,Enrique Hernandez,30.0,0.71,7624090.0,9739583.0
292,Yency Almonte,28.0,0.96,700000.0,9739583.0
293,Jose Azocar,26.0,0.3,700000.0,5439326.5
293,Jose Leclerc,28.0,0.71,5250000.0,5439326.5
294,Alek Thomas,22.0,0.92,700000.0,4522589.5
294,Jose Quijada,26.0,0.58,720000.0,4522589.5
295,Martin Maldonado,35.0,0.4,5000000.0,14136500.0
295,Ryan Brasier,34.0,-0.16,1400000.0,14136500.0
296,Brian Serven,27.0,0.22,700000.0,5868660.5
296,Mike Clevinger,31.0,0.5,8000000.0,5868660.5
297,Jonathan Davis,30.0,0.21,700000.0,8050076.5
297,Erick Fedde,29.0,-0.16,2150000.0,8050076.5
298,Nick Allen,23.0,0.76,700000.0,4726210.5
298,Dylan Coleman,25.0,1.03,700650.0,4726210.5
299,Oswald Peraza,22.0,0.48,700000.0,3807823.8
299,Erasmo Ramirez,32.0,0.95,700000.0,3807823.8
300,Darick Hall,26.0,0.39,700000.0,5636919.0
300,Carlos Estevez,29.0,0.77,3025000.0,5636919.0
301,Drew Waters,23.0,0.37,700000.0,4054854.0
301,Tanner Scott,27.0,0.22,1050000.0,4054854.0
302,Edward Olivares,26.0,0.29,705500.0,5417802.5
302,Trevor Megill,28.0,-0.1,700000.0,5417802.5
303,Alan Trejo,26.0,0.29,702000.0,5417802.5
303,Kyle Hendricks,32.0,0.46,14500000.0,5417802.5
304,Jonathan India,25.0,0.01,760000.0,4356601.0
304,Dany Jimenez,28.0,0.38,700000.0,4356601.0
305,Nick Ahmed,32.0,0.17,7875000.0,9751620.0
305,Jackson Stephens,28.0,0.2,700000.0,9751620.0
306,Corey Dickerson,33.0,0.2,5000000.0,10901459.0
306,Ryan Thompson,30.0,0.1,700000.0,10901459.0
307,Jesse Winker,28.0,0.08,6250000.0,6182678.0
307,Cody Stashak,28.0,0.24,720400.0,6182678.0
308,Taylor Trammell,24.0,0.36,700000.0,4492940.0
308,Will Vest,27.0,0.25,700000.0,4492940.0
309,Austin Wynns,31.0,0.4,700000.0,9600525.0
309,Vince Velasquez,30.0,0.38,700000.0,9600525.0
310,Matt Reynolds,31.0,0.49,700000.0,9929354.0
310,Kyle Nelson,25.0,0.68,700000.0,9929354.0
311,Curt Casali,33.0,0.88,2600000.0,13840113.0
311,Peter Strzelecki,27.0,0.45,700000.0,13840113.0
312,Rougned Odor,28.0,0.01,12333333.0,6013733.0
312,Javier Assad,24.0,0.65,700000.0,6013733.0
313,Albert Almora Jr.,28.0,0.2,700000.0,6482936.0
313,Jonathan Loaisiga,27.0,-0.05,1650000.0,6482936.0
314,Carson Kelly,27.0,0.64,3325000.0,6927418.5
314,Joely Rodriguez,30.0,0.1,2500000.0,6927418.5
315,Johan Camargo,28.0,0.28,1400000.0,6690724.5
315,Ron Marinaccio,26.0,0.8,700000.0,6690724.5
316,Bubba Thompson,24.0,0.24,700000.0,4285949.5
316,Seth Martinez,27.0,0.62,700000.0,4285949.5
317,James McCann,32.0,0.14,8150000.0,9642600.0
317,Alex Young,28.0,0.49,700000.0,9642600.0
318,Dalton Guthrie,26.0,0.34,700000.0,5526275.5
318,Garrett Cleavinger,28.0,0.24,710000.0,5526275.5
319,Will Brennan,24.0,0.43,700000.0,4618608.5
319,DL Hall,23.0,0.1,700000.0,4618608.5
320,Triston Casas,22.0,0.2,700000.0,3419264.2
320,Aaron Loup,34.0,-0.24,7500000.0,3419264.2
321,Jake Burger,26.0,0.12,700000.0,5064831.0
321,Packy Naughton,26.0,0.15,700000.0,5064831.0
322,Eric Hosmer,32.0,0.68,21000000.0,11752058.0
322,Shelby Miller,31.0,0.11,700000.0,11752058.0
323,Tyler Naquin,31.0,0.02,4025000.0,8307830.5
323,Diego Castillo,28.0,0.01,2150000.0,8307830.5
324,Mitch Garver,31.0,0.34,3335000.0,9386142.0
324,Diego Castillo,28.0,0.01,2150000.0,9386142.0
325,Andrew McCutchen,35.0,0.7,8500000.0,15588095.0
325,Diego Castillo,28.0,0.01,2150000.0,15588095.0
326,Luis Gonzalez,26.0,0.26,700000.0,5353749.0
326,Diego Castillo,28.0,0.01,2150000.0,5353749.0
327,Raimel Tapia,28.0,0.3,3950000.0,6743637.0
327,Diego Castillo,24.0,-0.19,2150000.0,6743637.0
328,Josh Lowe,24.0,0.27,701000.0,4336715.5
328,Diego Castillo,24.0,-0.19,2150000.0,4336715.5
329,Luke Williams,25.0,0.09,701500.0,4495857.5
329,Diego Castillo,24.0,-0.19,2150000.0,4495857.5
330,Roman Quinn,29.0,0.16,700000.0,7101728.5
330,Diego Castillo,24.0,-0.19,2150000.0,7101728.5
331,Victor Robles,25.0,1.06,1650000.0,6599192.5
331,Edward Cabrera,24.0,1.19,700000.0,6599192.5
332,Jake Meyers,26.0,0.4,710500.0,5659311.5
332,Nick Sandlin,25.0,0.68,701700.0,5659311.5
333,Andrew Velazquez,27.0,0.86,700000.0,7550526.5
333,Colin Holderman,26.0,0.29,700000.0,7550526.5
334,Chadwick Tromp,27.0,0.18,700000.0,5776368.5
334,James Kaprielian,28.0,0.75,705000.0,5776368.5
335,Joe Dunand,26.0,0.18,700000.0,5186655.0
335,Steven Wilson,27.0,0.55,700000.0,5186655.0
336,David Hensley,26.0,0.24,700000.0,5311469.0
336,A.J. Puk,27.0,0.72,705000.0,5311469.0
337,Ji Hwan Bae,22.0,0.34,700000.0,3607533.8
337,Matt Strahm,30.0,0.29,3000000.0,3607533.8
338,Monte Harrison,26.0,0.21,700000.0,5248685.5
338,Brad Hand,32.0,0.6,6000000.0,5248685.5
339,Christian Arroyo,27.0,0.48,1200000.0,6504337.5
339,Jordan Hicks,25.0,-0.05,937500.0,6504337.5
340,Kyle Stowers,24.0,0.06,700000.0,3994670.2
340,Aaron Bummer,28.0,0.45,2500000.0,3994670.2
341,Luke Voit,31.0,0.51,5450000.0,10003613.0
341,Tanner Banks,30.0,0.36,700000.0,10003613.0
342,Elehuris Montero,23.0,0.16,700000.0,3737252.5
342,Mark Leiter Jr.,31.0,0.56,700000.0,3737252.5
343,Nolan Jones,24.0,0.14,700000.0,4121351.2
343,Manny Banuelos,31.0,0.04,700000.0,4121351.2
344,Nomar Mazara,27.0,0.18,700000.0,5776368.5
344,Dustin May,24.0,0.12,730000.0,5776368.5
345,LaMonte Wade Jr.,28.0,0.11,700000.0,6256471.5
345,Ken Waldichuk,24.0,0.24,700000.0,6256471.5
346,Dermis Garcia,24.0,0.28,700000.0,4353780.5
346,Joel Kuhnel,27.0,-0.04,700000.0,4353780.5
347,Austin Nola,32.0,1.1,726900.0,13600986.0
347,Ryne Nelson,24.0,0.55,700000.0,13600986.0
348,Esteban Quiroz,30.0,0.28,700000.0,8270627.5
348,Chad Green,31.0,0.18,4000000.0,8270627.5
349,Francisco Mejia,26.0,0.44,1455000.0,5749759.5
349,Jimmy Lambert,27.0,0.56,700000.0,5749759.5
350,Jordan Luplow,28.0,0.16,1400000.0,6381339.0
350,Tanner Rainey,29.0,0.26,860000.0,6381339.0
351,Luis Barrera,26.0,0.2,700000.0,5227926.0
351,Konnor Pilkington,24.0,0.1,700000.0,5227926.0
352,Skye Bolt,28.0,-0.04,700000.0,5895809.5
352,Brett Martin,27.0,0.09,1025000.0,5895809.5
353,Nick Madrigal,25.0,0.43,716500.0,5142354.5
353,Victor Arano,27.0,-0.2,900000.0,5142354.5
354,Mauricio Dubon,27.0,0.14,715000.0,5685505.5
354,Mike Baumann,26.0,0.2,700000.0,5685505.5
355,Derek Hill,26.0,0.32,704900.0,5482628.5
355,Pierce Johnson,31.0,0.1,3000000.0,5482628.5
356,Jason Delay,27.0,-0.12,700000.0,5128722.0
356,Garrett Richards,34.0,-0.06,4500000.0,5128722.0
357,Greg Allen,29.0,0.06,800000.0,6828169.5
357,Alex Faedo,26.0,-0.08,700000.0,6828169.5
358,Ryan Kreidler,24.0,0.31,700000.0,4405415.5
358,Ty Blach,31.0,0.1,750000.0,4405415.5
359,Otto Lopez,23.0,0.12,700000.0,3679992.2
359,Sean Doolittle,35.0,0.34,1500000.0,3679992.2
360,Liover Peguero,21.0,0.12,700000.0,2995385.5
360,Scott Alexander,32.0,0.68,700000.0,2995385.5
361,Austin Dean,28.0,0.12,700000.0,6281256.5
361,Fernando Cruz,32.0,0.53,700000.0,6281256.5
362,Edwin Rios,28.0,0.09,730000.0,6207183.0
362,John Means,29.0,0.24,2950000.0,6207183.0
363,Jaylin Davis,27.0,0.12,700000.0,5640607.0
363,Luis Ortiz,23.0,0.32,700000.0,5640607.0
364,Dustin Garneau,34.0,0.1,1175000.0,11598932.0
364,Luis Ortiz,23.0,0.32,700000.0,11598932.0
365,Juan Yepez,24.0,0.26,700000.0,4319722.0
365,Luis Ortiz,23.0,0.32,700000.0,4319722.0
366,Charlie Blackmon,35.0,-0.05,21000000.0,12111807.0
366,Luis Ortiz,23.0,0.32,700000.0,12111807.0
367,Jared Young,26.0,0.09,700000.0,5005023.5
367,Luis Ortiz,23.0,0.32,700000.0,5005023.5
368,Kyle Garlick,30.0,0.19,700000.0,7988001.0
368,Luis Ortiz,23.0,0.32,700000.0,7988001.0
369,Maikel Garcia,22.0,0.02,700000.0,3193886.2
369,Luis Ortiz,23.0,0.32,700000.0,3193886.2
370,Matt Wallner,24.0,-0.09,700000.0,3768666.0
370,Luis Ortiz,23.0,0.32,700000.0,3768666.0
371,Gavin Sheets,26.0,-0.21,706000.0,4445970.0
371,Luis Ortiz,23.0,0.32,700000.0,4445970.0
372,P.J. Higgins,29.0,0.07,700000.0,6855080.0
372,Luis Ortiz,23.0,0.32,700000.0,6855080.0
373,Shea Langeliers,24.0,0.11,700000.0,4073332.2
373,Luis Ortiz,23.0,0.32,700000.0,4073332.2
374,Gosuke Katoh,27.0,0.09,730000.0,5573914.5
374,Luis Ortiz,23.0,0.32,700000.0,5573914.5
375,Lewis Brinson,28.0,-0.05,700000.0,5872497.0
375,Luis Ortiz,23.0,0.32,700000.0,5872497.0
376,Pedro Severino,28.0,0.07,950000.0,6158264.0
376,Luis Ortiz,23.0,0.32,700000.0,6158264.0
377,Pavin Smith,26.0,0.26,722900.0,5353749.0
377,Luis Ortiz,23.0,0.32,700000.0,5353749.0
378,Nelson Velazquez,23.0,-0.23,700000.0,3220037.2
378,Luis Ortiz,23.0,0.32,700000.0,3220037.2
379,Ezequiel Duran,23.0,0.12,700000.0,3679992.2
379,Luis Ortiz,26.0,0.22,700000.0,3679992.2
380,Nick Solak,27.0,-0.02,720000.0,5336054.0
380,Luis Ortiz,26.0,0.22,700000.0,5336054.0
381,Yu Chang,26.0,0.18,700000.0,5186655.0
381,Luis Ortiz,26.0,0.22,700000.0,5186655.0
382,Connor Wong,26.0,-0.02,700000.0,4791917.5
382,Luis Ortiz,26.0,0.22,700000.0,4791917.5
383,Dairon Blanco,29.0,0.07,700000.0,6855080.0
383,Luis Ortiz,26.0,0.22,700000.0,6855080.0
384,Yadier Molina,39.0,0.14,10000000.0,18293738.0
384,Luis Ortiz,26.0,0.22,700000.0,18293738.0
385,Paul DeJong,28.0,0.22,6166667.0,6534305.0
385,Luis Ortiz,26.0,0.22,700000.0,6534305.0
386,Dixon Machado,30.0,0.15,700000.0,7865106.5
386,Luis Ortiz,26.0,0.22,700000.0,7865106.5
387,Ben DeLuzio,27.0,0.16,700000.0,5730760.0
387,Luis Ortiz,26.0,0.22,700000.0,5730760.0
388,Brett Phillips,28.0,0.11,1400000.0,6256471.5
388,Luis Ortiz,26.0,0.22,700000.0,6256471.5
389,Khalil Lee,24.0,0.06,700000.0,3994670.2
389,Luis Ortiz,26.0,0.22,700000.0,3994670.2
390,Evan Phillips,27.0,0.02,720000.0,5421346.5
390,Luis Ortiz,26.0,0.22,700000.0,5421346.5
391,Rob Brantly,32.0,0.02,700000.0,9216201.0
391,Luis Ortiz,26.0,0.22,700000.0,9216201.0
392,Brian O'Keefe,28.0,0.02,700000.0,6037591.5
392,Luis Ortiz,26.0,0.22,700000.0,6037591.5
393,Francisco Alvarez,20.0,0.01,700000.0,2606215.2
393,Luis Ortiz,26.0,0.22,700000.0,2606215.2
394,Luis Garcia,22.0,0.06,3250000.0,3242405.2
394,Luis Ortiz,26.0,0.22,700000.0,3242405.2
395,Connor Joe,29.0,0.44,702000.0,7921283.0
395,Mychal Givens,32.0,0.52,3500000.0,7921283.0
396,Ben Gamel,30.0,0.03,1800000.0,7506337.0
396,Adrian Morejon,23.0,0.09,704500.0,7506337.0
397,Mark Kolozsvary,26.0,0.06,700000.0,4945944.5
397,Matt Wisler,29.0,0.45,2160000.0,4945944.5
398,Colin Moran,29.0,-0.16,1000000.0,6260554.0
398,Joel Payamps,28.0,0.63,708750.0,6260554.0
399,Terrin Vavra,25.0,0.04,700000.0,4408272.0
399,Seth Lugo,32.0,0.47,3925000.0,4408272.0
400,Brandon Belt,34.0,0.17,18400000.0,11892197.0
400,Rony Garcia,24.0,0.14,704800.0,11892197.0
401,Logan O'Hoppe,22.0,-0.03,700000.0,3134459.5
401,Zach Thompson,28.0,-0.04,705000.0,3134459.5
402,Mario Feliciano,23.0,0.02,700000.0,3541184.2
402,Trevor Richards,29.0,-0.3,1000000.0,3541184.2
403,Matt Vierling,25.0,-0.29,704000.0,3874777.8
403,Aaron Sanchez,29.0,-0.38,700000.0,3874777.8
404,Alejo Lopez,26.0,-0.22,700000.0,4428515.0
404,Jake Cousins,27.0,0.24,706400.0,4428515.0
405,Vinny Capra,25.0,0.02,700000.0,4373753.0
405,Jeff Hoffman,29.0,0.43,925000.0,4373753.0
406,Daz Cameron,25.0,0.01,700000.0,4356601.0
406,Tommy Nance,31.0,0.22,700000.0,4356601.0
407,Jake Hager,29.0,-0.04,700000.0,6564405.5
407,Lou Trivino,30.0,-0.0,3000000.0,6564405.5
408,Jordan Groshans,22.0,-0.06,700000.0,3099444.0
408,Robert Stephenson,29.0,-0.01,1280000.0,3099444.0
409,Sergio Alcantara,25.0,-0.04,712500.0,4271934.5
409,Austin Davis,29.0,-0.12,720000.0,4271934.5
410,Gilberto Celestino,23.0,0.14,702850.0,3708497.2
410,Yonny Chirinos,28.0,0.32,1175000.0,3708497.2
411,Buddy Kennedy,23.0,-0.0,700000.0,3514153.0
411,Louie Varland,24.0,0.28,700000.0,3514153.0
412,Romy Gonzalez,25.0,-0.2,700000.0,4012844.8
412,Matt Foster,27.0,0.2,711000.0,4012844.8
413,Cam Gallagher,29.0,-0.08,885000.0,6461601.5
413,Dinelson Lamet,29.0,0.01,4775000.0,6461601.5
414,Wynton Bernard,31.0,0.03,700000.0,8339880.5
414,Janson Junk,26.0,0.04,700000.0,8339880.5
415,Tim Locastro,29.0,-0.12,700000.0,6360321.0
415,Max Kranick,24.0,0.3,705000.0,6360321.0
416,Luke Raley,27.0,0.16,700000.0,5730760.0
416,Andre Jackson,26.0,0.23,700000.0,5730760.0
417,Pablo Reyes,28.0,-0.07,700000.0,5826141.5
417,Denyi Reyes,25.0,0.2,700000.0,5826141.5
418,Marwin Gonzalez,33.0,0.36,1100000.0,11550619.0
418,Justin Wilson,34.0,0.16,2300000.0,11550619.0
419,Adam Haseley,26.0,0.06,700000.0,4945944.5
419,Kyle Barraclough,32.0,0.19,700000.0,4945944.5
420,Max Stassi,31.0,-0.25,3000000.0,7481919.0
420,Phoenix Sanders,27.0,0.18,700000.0,7481919.0
421,Rene Pinto,25.0,-0.08,700000.0,4205486.5
421,Chris Sale,33.0,0.11,24172484.0,4205486.5
422,Josh Smith,24.0,0.13,700000.0,4105276.8
422,Jeff Brigham,30.0,0.28,700000.0,4105276.8
423,Grayson Greiner,29.0,0.01,700000.0,6695072.0
423,Wyatt Mills,27.0,0.18,700000.0,6695072.0
424,Richie Martin,27.0,-0.01,700000.0,5357249.0
424,Archie Bradley,29.0,-0.11,3750000.0,5357249.0
425,Marcus Wilson,25.0,-0.01,700000.0,4322518.0
425,Cole Ragans,24.0,0.03,700000.0,4322518.0
426,Eguy Rosario,22.0,0.05,700000.0,3230193.5
426,Tony Santillan,25.0,-0.06,702500.0,3230193.5
427,Alex Jackson,26.0,-0.02,700000.0,4791917.5
427,Luis Gil,24.0,0.02,700000.0,4791917.5
428,JT Riddle,30.0,-0.02,700000.0,7361200.5
428,Marco Gonzales,30.0,-0.0,5750000.0,7361200.5
429,Mike Zunino,31.0,-0.41,7000000.0,7027714.0
429,Tim Mayza,30.0,0.37,1250000.0,7027714.0
430,Ford Proctor,25.0,-0.04,700000.0,4271934.5
430,Carl Edwards Jr.,30.0,0.71,700000.0,4271934.5
431,Jose Herrera,25.0,-0.12,700000.0,4140165.2
431,Ryan Tepera,34.0,0.38,7000000.0,4140165.2
432,Jason Krizan,33.0,-0.02,700000.0,10053226.0
432,Miguel Castro,27.0,-0.09,2620000.0,10053226.0
433,Simon Muzziotti,23.0,-0.02,700000.0,3487360.5
433,Josh Winder,25.0,0.02,700000.0,3487360.5
434,Matthew Batten,27.0,-0.05,700000.0,5272974.5
434,Jaime Barria,25.0,1.03,730000.0,5272974.5
435,Dillon Thomas,29.0,-0.01,700000.0,6642515.5
435,Beau Brieske,24.0,0.39,700000.0,6642515.5
436,Adalberto Mondesi,26.0,-0.11,3000000.0,4624622.5
436,Drew Hutchison,31.0,0.03,800000.0,4624622.5
437,Nate Mondou,27.0,-0.0,700000.0,5378529.0
437,Mark Melancon,37.0,-0.37,6000000.0,5378529.0
438,Mickey McDonald,27.0,-0.02,700000.0,5336054.0
438,Humberto Castellanos,24.0,-0.16,713700.0,5336054.0
439,Kevin Pillar,33.0,-0.08,700000.0,9830892.0
439,Josh Staumont,28.0,-0.32,728000.0,9830892.0
440,Terrance Gore,31.0,-0.03,700000.0,8149157.5
440,Matthew Boyd,31.0,0.27,700000.0,8149157.5
441,Austin Allen,28.0,0.01,705000.0,6013733.0
441,David Price,36.0,0.42,32000000.0,6013733.0
442,David Robertson,37.0,-0.0,3500000.0,14820520.0
442,Matt Bush,36.0,-0.0,825000.0,14820520.0
443,Tyler Anderson,32.0,-0.0,8000000.0,9146636.0
443,Kyle Crick,29.0,0.12,1250000.0,9146636.0
444,Jose Alvarado,27.0,-0.0,1900000.0,5378529.0
444,Reyes Moronta,29.0,0.03,700000.0,5378529.0
445,Ka'ai Tom,28.0,-0.02,700000.0,5942705.5
445,Phil Bickford,26.0,-0.08,700000.0,5942705.5
446,Yusniel Diaz,25.0,-0.02,700000.0,4305585.5
446,Trevor May,32.0,-0.01,7750000.0,4305585.5
447,Taylor Jones,28.0,,706200.0,5989967.0
447,Hyun-Jin Ryu,35.0,0.05,20000000.0,5989967.0
448,Reiver Sanmartin,26.0,-0.01,700000.0,4810894.0
448,Chase Anderson,34.0,-0.05,700000.0,4810894.0
449,Jack Larsen,27.0,-0.02,700000.0,5336054.0
449,Angel Rondon,24.0,0.22,700000.0,5336054.0
450,Joe Perez,22.0,-0.02,700000.0,3146237.5
450,Jose Cisnero,33.0,0.48,1900000.0,3146237.5
451,Canaan Smith-Njigba,23.0,-0.08,700000.0,3408400.2
451,Zack Thompson,24.0,0.38,700000.0,3408400.2
452,Yadiel Hernandez,34.0,0.17,714000.0,11892197.0
452,Cody Morris,25.0,0.26,700000.0,11892197.0
453,Jake Lamb,31.0,-0.15,700000.0,7779003.5
453,Mason Thompson,24.0,0.3,702200.0,7779003.5
454,Abraham Almonte,33.0,-0.12,700000.0,9684818.0
454,Jhonathan Diaz,25.0,0.26,700000.0,9684818.0
455,Yairo Munoz,27.0,-0.1,700000.0,5169521.0
455,Logan Gillaspie,25.0,0.12,700000.0,5169521.0
456,Josh Jung,24.0,-0.08,700000.0,3783278.0
456,Daniel Castano,27.0,0.12,705000.0,3783278.0
457,Jackson Frazier,27.0,0.0,700000.0,5378529.0
457,Shane Baz,23.0,0.1,701100.0,5378529.0
458,Bobby Dalbec,27.0,-0.42,714000.0,4555220.5
458,Juan Minaya,31.0,-0.0,700000.0,4555220.5
459,Chad Pinder,30.0,-0.4,2725000.0,6339368.0
459,Sean Hjelle,25.0,-0.16,700000.0,6339368.0
460,Matt Thaiss,27.0,-0.09,700000.0,5190046.0
460,Logan Allen,25.0,-0.02,701700.0,5190046.0
461,Jeimer Candelario,28.0,0.27,5800000.0,6664411.5
461,Nick Wittgren,31.0,-0.24,1200000.0,6664411.5
462,Diego Castillo,24.0,-0.36,2150000.0,3397578.0
462,Josh Sborz,28.0,-0.12,714000.0,3397578.0
463,Spencer Steer,24.0,-0.07,700000.0,3797953.0
463,Joan Adon,23.0,-0.59,700200.0,3797953.0
464,Alfonso Rivas,25.0,0.18,701500.0,4658225.5
464,James Norwood,28.0,-0.21,706400.0,4658225.5
465,Matt Duffy,31.0,-0.24,1500000.0,7511168.0
465,Ryan Castellani,26.0,0.08,700000.0,7511168.0
466,Tyler Freeman,23.0,-0.2,700000.0,3256700.8
466,Tyler Glasnow,28.0,0.22,5100000.0,3256700.8
467,Narciso Crook,26.0,-0.15,700000.0,4552260.0
467,Marcos Diplan,25.0,0.1,700000.0,4552260.0
468,Ezequiel Tovar,20.0,-0.25,700000.0,2377999.8
468,Mark Appel,30.0,0.19,700000.0,2377999.8
469,Vimael Machin,28.0,-0.34,700000.0,5234764.0
469,Drew Carlton,26.0,0.07,700000.0,5234764.0
470,Brett Baty,22.0,-0.2,700000.0,2942218.0
470,Gabe Speier,27.0,0.38,702000.0,2942218.0
471,Cody Thomas,27.0,-0.17,700000.0,5028160.5
471,Cooper Criswell,25.0,0.11,710000.0,5028160.5
472,Adam Engel,30.0,-0.04,2000000.0,7303857.5
472,Steven Brault,30.0,0.16,700000.0,7303857.5
473,Nick Plummer,25.0,-0.11,700000.0,4156390.2
473,Jhon Romero,27.0,0.08,700400.0,4156390.2
474,Jackie Bradley Jr.,32.0,-0.22,700000.0,8409631.0
474,Michael Plassmeyer,25.0,0.12,700000.0,8409631.0
475,Tucupita Marcano,22.0,-0.36,700000.0,2774457.0
475,Parker Mushinski,26.0,0.08,700000.0,2774457.0
476,Dominic Smith,27.0,-0.24,3950000.0,4890778.5
476,Austin Brice,30.0,0.08,700000.0,4890778.5
477,Jonah Bride,26.0,0.0,700000.0,4829949.0
477,Jake Fishman,27.0,0.09,700000.0,4829949.0
478,Jerar Encarnacion,24.0,-0.09,700000.0,3768666.0
478,Matt Barnes,32.0,0.16,8125000.0,3768666.0
479,Jarred Kelenic,22.0,-0.14,706200.0,3008372.5
479,Mauricio Llovera,26.0,0.12,700000.0,3008372.5
480,Kevin Smith,25.0,0.11,700000.0,4531411.0
480,Yerry De Los Santos,24.0,-0.19,700000.0,4531411.0
481,Michael Stefanic,26.0,-0.04,700000.0,4754197.5
481,Daniel Mengden,29.0,0.03,700000.0,4754197.5
482,Patrick Mazeika,28.0,-0.18,700000.0,5577561.5
482,Jordan Weems,29.0,0.04,700000.0,5577561.5
483,Aramis Garcia,29.0,-0.45,700000.0,5581210.0
483,Casey Mize,25.0,0.01,714200.0,5581210.0
484,Anthony Alford,27.0,-0.07,725000.0,5231343.0
484,Tayler Scott,30.0,-0.14,700000.0,5231343.0
485,Brandon Dixon,30.0,-0.11,700000.0,7106322.5
485,Julian Merryweather,30.0,-0.25,711200.0,7106322.5
486,Chad Wallach,30.0,-0.12,700000.0,7078504.5
486,Rob Zastryzny,30.0,-0.02,700000.0,7078504.5
487,Erik Gonzalez,30.0,0.02,700000.0,7477107.5
487,Kevin Herget,31.0,-0.02,700000.0,7477107.5
488,Cal Stevenson,25.0,-0.22,700000.0,3981696.5
488,Bryce Montes de Oca,26.0,-0.02,700000.0,3981696.5
489,Brendon Davis,24.0,-0.12,700000.0,3725215.8
489,Cade Cavalli,23.0,-0.1,700000.0,3725215.8
490,Yainer Diaz,23.0,-0.08,700000.0,3408400.2
490,Glenn Otto,26.0,0.27,700000.0,3408400.2
491,Payton Henry,25.0,-0.11,702000.0,4156390.2
491,Josh Winckowski,24.0,-0.16,700000.0,4156390.2
492,Travis Jankowski,31.0,-0.12,1250000.0,7870139.0
492,Domingo Acevedo,28.0,0.59,700000.0,7870139.0
493,Mark Contreras,27.0,-0.05,700000.0,5272974.5
493,Dominic Leone,30.0,0.24,2250000.0,5272974.5
494,Mark Payton,30.0,-0.1,700000.0,7134240.0
494,Rowan Wick,29.0,0.0,724000.0,7134240.0
495,Manny Pina,35.0,-0.1,3500000.0,11899164.0
495,Luis Cessa,30.0,0.38,1800000.0,11899164.0
496,Bryan Lavastida,23.0,-0.08,700000.0,3408400.2
496,Corey Knebel,30.0,0.28,10000000.0,3408400.2
497,Ivan Herrera,22.0,-0.2,700000.0,2942218.0
497,Michael Rucker,28.0,0.24,702500.0,2942218.0
498,Bryce Johnson,26.0,-0.22,700000.0,4428515.0
498,Ryan Yarbrough,30.0,-0.02,3850000.0,4428515.0
499,Donny Sands,26.0,-0.08,700000.0,4679693.5
499,Hunter Strickland,33.0,0.06,1825000.0,4679693.5
500,Ender Inciarte,31.0,-0.06,700000.0,8055211.5
500,Greg Weissert,27.0,-0.13,700000.0,8055211.5
501,Billy Hamilton,31.0,-0.12,700000.0,7870139.0
501,Wily Peralta,33.0,0.34,700000.0,7870139.0
502,Zack Short,27.0,-0.11,700000.0,5149080.0
502,Sam Moll,30.0,0.44,700000.0,5149080.0
503,Tony Wolters,30.0,-0.11,700000.0,7106322.5
503,Jonathan Hernandez,25.0,0.18,720000.0,7106322.5
504,Deven Marrero,31.0,-0.16,700000.0,7748833.0
504,Andrew Wantz,26.0,0.4,700000.0,7748833.0
505,Ronald Guzman,27.0,-0.15,700000.0,5068138.5
505,Jandel Gustave,29.0,0.04,700000.0,5068138.5
506,Luis Liberato,26.0,-0.12,700000.0,4606418.5
506,Darren O'Day,39.0,0.04,1000000.0,4606418.5
507,Josh Lester,27.0,-0.12,700000.0,5128722.0
507,Jack Flaherty,26.0,-0.06,5000000.0,5128722.0
508,D.J. Stewart,28.0,-0.05,700000.0,5872497.0
508,Cristopher Sanchez,25.0,-0.08,701000.0,5872497.0
509,Drew Jackson,28.0,-0.09,700000.0,5780146.0
509,Matthew Liberatore,22.0,-0.25,700000.0,5780146.0
510,Travis Blankenhorn,25.0,-0.1,700000.0,4172685.0
510,Jake Reed,29.0,-0.27,705000.0,4172685.0
511,Ronnie Dawson,27.0,-0.1,700000.0,5169521.0
511,Chris Devenski,31.0,-0.25,700000.0,5169521.0
512,Kramer Robertson,27.0,-0.12,700000.0,5128722.0
512,Austin Adams,31.0,0.04,700000.0,5128722.0
513,Brewer Hicklen,26.0,-0.1,700000.0,4642902.5
513,Kyle Tyler,25.0,0.07,700000.0,4642902.5
514,Randal Grichuk,30.0,0.02,10333333.0,7477107.5
514,Blake Treinen,34.0,0.08,8000000.0,7477107.5
515,MJ Melendez,23.0,0.13,700000.0,3694213.8
515,Luke Bard,31.0,0.24,700000.0,3694213.8
516,Franchy Cordero,27.0,-0.2,700000.0,4968799.5
516,Tyler Cyr,29.0,0.16,700000.0,4968799.5
517,Austin Meadows,27.0,0.26,4000000.0,5962395.0
517,Huascar Brazoban,32.0,0.32,700000.0,5962395.0
518,Yermin Mercedes,29.0,-0.16,703000.0,6260554.0
518,Hirokazu Sawamura,34.0,0.34,1600000.0,6260554.0
519,Peyton Burdick,25.0,-0.16,700000.0,4075956.2
519,Zack Kelly,27.0,0.08,700000.0,4075956.2
520,Michael Toglia,23.0,-0.15,700000.0,3318917.5
520,John King,27.0,0.02,714000.0,3318917.5
521,Victor Reyes,27.0,-0.04,1400000.0,5293915.5
521,Anthony Misiewicz,27.0,0.06,714900.0,5293915.5
522,Gabriel Arias,22.0,-0.02,700000.0,3146237.5
522,Michael Grove,25.0,-0.24,700000.0,3146237.5
523,Mike Ford,29.0,-0.26,700000.0,6017662.5
523,Touki Toussaint,26.0,0.05,700000.0,6017662.5
524,Jonathan Aranda,24.0,-0.2,700000.0,3612111.8
524,Adonis Medina,25.0,-0.2,700000.0,3612111.8
525,Luis Campusano,23.0,-0.2,700000.0,3256700.8
525,Anthony Banda,28.0,-0.22,725000.0,3256700.8
526,J.J. Matijevic,26.0,-0.13,700000.0,4588290.5
526,Ashton Goudeau,29.0,-0.26,705000.0,4588290.5
527,Miguel Andujar,27.0,-0.05,700000.0,5272974.5
527,Kyle Muller,24.0,-0.2,700000.0,5272974.5
528,Guillermo Heredia,31.0,-0.26,1000000.0,7452774.0
528,Lucas Sims,28.0,-0.15,1200000.0,7452774.0
529,Akil Baddoo,23.0,0.06,700000.0,3595972.2
529,Charlie Culberson,33.0,0.04,1750000.0,3595972.2
530,Carlos Perez,25.0,-0.22,700000.0,3981696.5
530,Sandy Leon,33.0,0.02,700000.0,3981696.5
531,Tucker Barnhart,31.0,-0.04,7500000.0,8117738.0
531,Jay Jackson,34.0,0.02,1500000.0,8117738.0
532,Andy Ibanez,29.0,-0.12,706000.0,6360321.0
532,Ehire Adrianza,32.0,0.02,1500000.0,6360321.0
533,Mark Vientos,22.0,-0.21,700000.0,2931367.2
533,Darin Ruf,35.0,0.04,3000000.0,2931367.2
534,Kody Clemens,26.0,-0.2,700000.0,4463499.0
534,Randal Grichuk,30.0,0.02,10333333.0,4463499.0
535,Josh Palacios,26.0,-0.18,700000.0,4498780.5
535,Corey Dickerson,33.0,0.02,5000000.0,4498780.5
536,Drew Ellis,26.0,-0.29,702900.0,4308375.0
536,Phil Gosselin,33.0,0.02,700000.0,4308375.0
537,Steele Walker,25.0,-0.21,700000.0,3997236.8
537,Jace Peterson,32.0,0.02,1825000.0,3997236.8
538,Caleb Hamilton,27.0,-0.26,700000.0,4852247.0
538,Alex Claudio,30.0,0.05,700000.0,4852247.0
539,Elier Hernandez,27.0,-0.31,700000.0,4757297.0
539,Ken Giles,31.0,0.08,5250000.0,4757297.0
540,Bradley Zimmer,29.0,-0.04,1300000.0,6564405.5
540,Orlando Arcia,27.0,0.02,1600000.0,6564405.5
541,Miles Mastrobuoni,26.0,-0.19,700000.0,4481103.5
541,Ildemaro Vargas,30.0,0.02,700000.0,4481103.5
542,Ryan Aguilar,27.0,-0.26,700000.0,4852247.0
542,Kevin Plawecki,31.0,0.02,2250000.0,4852247.0
543,Chris Okey,27.0,-0.2,700000.0,4968799.5
543,Franmil Reyes,26.0,0.02,4550000.0,4968799.5
544,Sebastian Rivero,23.0,-0.2,700000.0,3256700.8
544,Jack Mayfield,31.0,0.02,720000.0,3256700.8
545,Rylan Bannon,26.0,-0.19,700000.0,4481103.5
545,Willians Astudillo,30.0,0.03,700000.0,4481103.5
546,Taylor Motter,32.0,-0.18,700000.0,8539804.0
546,Reese McGuire,27.0,0.02,722400.0,8539804.0
547,Steven Souza Jr.,33.0,-0.25,700000.0,9221954.0
547,Pablo Reyes,28.0,0.02,700000.0,9221954.0
548,Travis Swaggerty,24.0,-0.18,700000.0,3640015.2
548,Vinny Nittoli,31.0,0.06,700000.0,3640015.2
549,Israel Pineda,22.0,-0.18,700000.0,2964067.8
549,Conner Menez,27.0,0.02,700000.0,2964067.8
550,Jose Godoy,27.0,-0.22,700000.0,4929629.5
550,Kyle Dowdy,29.0,0.13,700000.0,4929629.5
551,Christian Lopes,29.0,-0.2,700000.0,6162284.5
551,Brian Serven,27.0,0.02,700000.0,6162284.5
552,Wilmer Difo,30.0,-0.16,700000.0,6968224.0
552,Jorge Alcala,26.0,0.06,717900.0,6968224.0
553,Aaron Whitefield,25.0,-0.25,700000.0,3935475.2
553,Sheldon Neuse,27.0,0.06,700000.0,3935475.2
554,Freddy Fermin,27.0,-0.18,700000.0,5008293.0
554,Jordan Sheffield,27.0,0.04,705000.0,5008293.0
555,Bo Naylor,22.0,-0.19,700000.0,2953118.0
555,Mike Brosseau,28.0,0.04,706300.0,2953118.0
556,Dee Strange-Gordon,34.0,-0.28,800000.0,10096846.0
556,Michel Baez,26.0,0.02,704700.0,10096846.0
557,Nick Pratto,23.0,-0.2,700000.0,3256700.8
557,Riley O'Brien,27.0,0.02,700000.0,3256700.8
558,Jo Adell,23.0,-0.41,720000.0,3010216.8
558,Aneurys Zabala,25.0,0.04,700000.0,3010216.8
559,Robbie Grossman,32.0,0.24,5000000.0,10009756.0
559,Nick Duron,26.0,0.02,700000.0,10009756.0
560,Jordan Diaz,21.0,-0.08,700000.0,2782909.5
560,Yerry Rodriguez,24.0,0.04,700000.0,2782909.5
561,Ryan O'Hearn,28.0,-0.41,1300000.0,5091576.0
561,Easton McGee,24.0,0.02,700000.0,5091576.0
562,CJ Abrams,21.0,-0.08,700000.0,2782909.5
562,William Woods,23.0,0.04,700000.0,2782909.5
563,Andrew Knizner,27.0,0.22,718300.0,5868660.5
563,Cam Alldred,25.0,0.02,700000.0,5868660.5
564,J.J. Bleday,24.0,-0.15,700000.0,3682333.8
564,Nick Mears,25.0,0.06,705000.0,3682333.8
565,Luis Torrens,26.0,-0.1,1200000.0,4642902.5
565,Nate Fisher,26.0,0.07,700000.0,4642902.5
566,Didi Gregorius,32.0,-0.37,15013985.0,7936488.0
566,Ryan Weber,31.0,0.16,700000.0,7936488.0
567,Zach Reks,28.0,-0.34,700000.0,5234764.0
567,Matt Gage,29.0,0.18,700000.0,5234764.0
568,Josh VanMeter,27.0,-0.48,726800.0,4448856.5
568,Danny Coulombe,32.0,0.14,700000.0,4448856.5
569,Matt Davidson,31.0,-0.45,700000.0,6918161.0
569,Jesus Tinoco,27.0,0.32,700000.0,6918161.0
570,Alec Burleson,23.0,-0.16,700000.0,3306362.0
570,Christian Bethancourt,30.0,0.04,700000.0,3306362.0
571,Willie Calhoun,27.0,-0.32,1300000.0,4738542.0
571,Michael Kelly,29.0,0.04,700000.0,4738542.0
572,Mickey Moniak,24.0,-0.66,701000.0,3034554.0
572,Ronny Henriquez,22.0,0.08,700000.0,3034554.0
573,Esteury Ruiz,23.0,-0.42,700000.0,2999055.8
573,Tommy Hunter,35.0,0.16,700000.0,2999055.8
574,Korey Lee,23.0,-0.38,700000.0,3044005.8
574,Miguel Diaz,27.0,0.04,700000.0,3044005.8
575,Andrelton Simmons,32.0,-0.18,4000000.0,8539804.0
575,Tommy Kahnle,32.0,0.16,3725000.0,8539804.0
576,Kelvin Gutierrez,27.0,-0.24,706500.0,4890778.5
576,Enoli Paredes,26.0,0.02,700000.0,4890778.5
577,Jeter Downs,23.0,-0.46,700000.0,2954920.2
577,Tyler Holton,26.0,0.06,700000.0,2954920.2
578,Anthony Bemboom,32.0,-0.29,780000.0,8185895.0
578,Jeremiah Estrada,23.0,0.04,700000.0,8185895.0
579,Lenyn Sosa,22.0,-0.39,700000.0,2744356.8
579,Tyler Thornburg,33.0,-0.02,900000.0,2744356.8
580,Jonathan Arauz,23.0,-0.4,710000.0,3021428.0
580,Zack Weiss,30.0,0.08,700000.0,3021428.0
581,Max Schrock,27.0,-0.28,710000.0,4814032.0
581,Jordan Holloway,26.0,0.01,700000.0,4814032.0
582,Mike Siani,22.0,-0.15,700000.0,2997220.5
582,Roenis Elias,33.0,0.03,700000.0,2997220.5
583,Niko Goodrum,30.0,-0.28,2100000.0,6646835.5
583,Nick Neidert,25.0,0.08,700000.0,6646835.5
584,Yonny Hernandez,24.0,-0.15,700000.0,3682333.8
584,Simeon Woods Richardson,21.0,-0.03,700000.0,3682333.8
585,Andrew Vaughn,24.0,-0.28,715000.0,3502937.5
585,Beau Sulser,28.0,-0.02,700000.0,3502937.5
586,Harold Castro,28.0,-0.17,1275000.0,5599718.0
586,Taylor Widener,27.0,0.09,700000.0,5599718.0
587,Jesus Aguilar,32.0,-0.68,7300000.0,7032265.5
587,Kody Clemens,26.0,0.02,700000.0,7032265.5
588,Jarren Duran,25.0,-0.26,700000.0,3920202.0
588,Brennan Bernardino,30.0,-0.09,700000.0,3920202.0
589,Garrett Hampson,27.0,-0.75,1862500.0,4002378.5
589,Reiss Knehr,25.0,0.02,700000.0,4002378.5
590,Richie Palacios,25.0,-0.3,700000.0,3859767.8
590,Justin Grimm,33.0,0.0,800000.0,3859767.8
591,Yasmani Grandal,33.0,-0.9,18250000.0,7176161.0
591,Cristofer Ogando,28.0,0.02,700000.0,7176161.0
592,Jason Heyward,32.0,-0.52,22000000.0,7486739.5
592,Evan Lee,25.0,0.01,700000.0,7486739.5
593,Zack Collins,27.0,-0.34,714000.0,4701263.0
593,Kenny Rosenberg,26.0,0.06,700000.0,4701263.0
594,Alcides Escobar,35.0,-0.44,1000000.0,10522246.0
594,Danny Young,28.0,0.02,700000.0,10522246.0
595,Kyle Lewis,26.0,-0.26,757900.0,4359427.0
595,Phillips Valdez,30.0,-0.05,710000.0,4359427.0
596,Sandy Leon,33.0,-0.45,700000.0,8545206.0
596,Harold Castro,28.0,0.0,1275000.0,8545206.0
597,Bligh Madris,26.0,-0.7,700000.0,3672833.2
597,Pedro Avila,25.0,-0.02,700000.0,3672833.2
598,Steven Duggar,28.0,-0.46,730000.0,4991763.5
598,Anthony Kay,27.0,0.0,700000.0,4991763.5
599,Magneuris Sierra,26.0,-0.44,700000.0,4062691.2
599,Collin Wiles,28.0,-0.0,700000.0,4062691.2
600,Tres Barrera,27.0,-0.38,700000.0,4627632.5
600,Robert Gsellman,28.0,-0.02,700000.0,4627632.5
601,Alex Dickerson,32.0,-0.42,1000000.0,7783993.0
601,Gregory Santos,22.0,0.01,700000.0,7783993.0
602,Michael Hermosillo,27.0,-0.48,707000.0,4448856.5
602,Justin Topa,31.0,-0.14,702200.0,4448856.5
603,Dom Nunez,27.0,-0.39,705000.0,4609414.5
603,Luke Farrell,31.0,0.02,700000.0,4609414.5
604,Andrew Knapp,30.0,-0.3,800000.0,6594632.0
604,Ryan Hendrix,27.0,0.0,702500.0,6594632.0
605,Brent Rooker,27.0,-0.4,700000.0,4591274.0
605,Matt Peacock,28.0,0.0,700000.0,4591274.0
606,Yolmer Sanchez,30.0,-0.52,700000.0,6045482.5
606,Nicholas Padilla,25.0,0.0,700000.0,6045482.5
607,Estevan Florial,24.0,-0.44,700000.0,3295921.2
607,Eric Stout,29.0,-0.12,700000.0,3295921.2
608,Bobby Bradley,26.0,-0.4,702300.0,4126670.0
608,Drew Steckenrider,31.0,-0.16,3100000.0,4126670.0
609,Hoy Park,26.0,-0.38,700000.0,4159074.8
609,Luis Gonzalez,26.0,0.01,700000.0,4159074.8
610,Mike Moustakas,33.0,-0.74,16000000.0,7638984.5
610,Edwin Uceta,24.0,-0.08,700000.0,7638984.5
611,Hanser Alberto,29.0,-0.29,1600000.0,5946589.0
611,Anderson Severino,27.0,-0.02,700000.0,5946589.0
612,Oscar Mercado,27.0,-0.3,709900.0,4776129.5
612,Robert Dugger,26.0,-0.08,700000.0,4776129.5
613,Travis Demeritte,27.0,-0.47,700000.0,4466397.5
613,Andrew Vasquez,28.0,-0.02,700000.0,4466397.5
614,Stephen Piscotty,31.0,-0.64,7583333.0,6419126.5
614,Patrick Murphy,27.0,-0.07,712500.0,6419126.5
615,Kevin Plawecki,31.0,-0.87,2250000.0,5860752.5
615,Anthony DeSclafani,32.0,-0.38,12000000.0,5860752.5
616,Sheldon Neuse,27.0,-0.62,700000.0,4210924.0
616,Matt Reynolds,31.0,-0.0,700000.0,4210924.0
617,Taylor Walls,25.0,0.98,704000.0,6394085.0
617,Jake Hager,29.0,-0.02,700000.0,6394085.0
618,Willians Astudillo,30.0,-0.57,700000.0,5926952.5
618,Raynel Espinal,30.0,-0.06,700000.0,5926952.5
619,Sam Hilliard,28.0,-0.04,705000.0,5895809.5
619,Gavin Hollowell,24.0,-0.12,700000.0,5895809.5
620,Michael Perez,29.0,-0.28,700000.0,5970190.5
620,Sam Coonrod,29.0,-0.17,717500.0,5970190.5
621,Jack Mayfield,31.0,-0.33,720000.0,7251597.0
621,Zac Lowther,26.0,-0.1,700000.0,7251597.0
622,Vidal Brujan,24.0,-0.48,700000.0,3246445.8
622,Foster Griffin,26.0,-0.09,700000.0,3246445.8
623,Justin Upton,34.0,-0.42,700000.0,9582331.0
623,Cesar Valdez,37.0,-0.06,700000.0,9582331.0
624,Ehire Adrianza,32.0,-0.48,1500000.0,7604409.5
624,Chris Owings,30.0,-0.01,1000000.0,7604409.5
625,Lorenzo Cain,36.0,-0.36,18000000.0,11948483.0
625,Tucker Barnhart,31.0,-0.02,7500000.0,11948483.0
626,Juan Lagares,33.0,-0.7,700000.0,7758776.0
626,Yolmer Sanchez,30.0,-0.01,700000.0,7758776.0
627,Miguel Vargas,22.0,-0.49,700000.0,2646990.8
627,Jackie Bradley Jr.,32.0,-0.0,700000.0,2646990.8
628,Will Benson,24.0,-0.42,700000.0,3320994.2
628,Jose Castillo,26.0,-0.02,700000.0,3320994.2
629,Chuckie Robinson,27.0,-0.52,700000.0,4379427.0
629,Damon Jones,27.0,-0.08,701000.0,4379427.0
630,Eddy Alvarez,32.0,-0.49,700000.0,7574836.5
630,Ryan Weathers,22.0,-0.08,700000.0,7574836.5
631,Heliot Ramos,22.0,-0.51,700000.0,2628054.5
631,Caleb Kilian,25.0,-0.3,700000.0,2628054.5
632,Marcell Ozuna,31.0,-0.68,16000000.0,6318479.5
632,Cam Vieaux,28.0,-0.3,700000.0,6318479.5
633,Michael Chavis,26.0,-0.42,725000.0,4094543.5
633,Alcides Escobar,35.0,-0.02,1000000.0,4094543.5
634,Alex Kirilloff,24.0,-0.45,708250.0,3283468.2
634,Pedro Baez,34.0,-0.12,5750000.0,3283468.2
635,Jared Walsh,28.0,-0.63,730000.0,4667332.0
635,Stephen Strasburg,33.0,-0.14,32205854.0,4667332.0
636,Charlie Culberson,33.0,-0.38,1750000.0,8777215.0
636,Ryan McKenna,25.0,-0.04,704000.0,8777215.0
637,Calvin Mitchell,23.0,-0.48,700000.0,2933153.5
637,Jake Walsh,26.0,-0.12,700000.0,2933153.5
638,Nick Senzel,27.0,-0.92,1250000.0,3746794.0
638,Cody Sedlock,27.0,-0.07,700000.0,3746794.0
639,Jacob Stallings,32.0,-0.66,2450000.0,7087671.0
639,Matt Dermody,31.0,-0.04,700000.0,7087671.0
640,Avisail Garcia,31.0,-0.84,12000000.0,5930824.5
640,Shaun Anderson,27.0,-0.04,700000.0,5930824.5
641,Stephen Vogt,37.0,-0.62,850000.0,11997937.0
641,Nick Maton,25.0,-0.05,700000.0,11997937.0
642,Tyler Nevin,25.0,-0.52,700000.0,3545666.5
642,Victor Caratini,28.0,-0.05,2000000.0,3545666.5
643,Tyler Wade,27.0,-0.66,825000.0,4145510.2
643,Chad Pinder,30.0,-0.05,2725000.0,4145510.2
644,Austin Hedges,29.0,-0.48,4000000.0,5515218.0
644,Andrelton Simmons,32.0,-0.08,4000000.0,5515218.0
645,Jason Castro,35.0,-0.62,4750000.0,9843017.0
645,Wil Crowe,27.0,-0.01,715000.0,9843017.0
646,David MacKinnon,27.0,-0.5,700000.0,4413994.0
646,Steven Okert,30.0,0.4,709000.0,4413994.0
647,Billy McKinney,27.0,-0.71,800000.0,4065308.0
647,Devin Smeltzer,26.0,0.39,700000.0,4065308.0
648,Jose Rojas,29.0,-0.85,710000.0,4763501.5
648,Nick Vespi,26.0,0.11,700000.0,4763501.5
649,Kevin Padlo,25.0,-0.58,700000.0,3465168.8
649,Dillon Peters,29.0,0.04,715000.0,3465168.8
650,Lucius Fox,24.0,-0.64,700000.0,3057251.2
650,Tyler Matzek,31.0,0.12,1400000.0,3057251.2
651,Tim Beckham,32.0,-0.57,700000.0,7341944.0
651,Jose Cuas,28.0,0.14,700000.0,7341944.0
652,Travis Shaw,32.0,-0.63,1500000.0,7171524.0
652,Emilio Pagan,31.0,-0.26,2300000.0,7171524.0
653,Nick Castellanos,30.0,-0.39,20000000.0,6364466.0
653,Tyler Alexander,27.0,-0.22,716900.0,6364466.0
654,Darin Ruf,35.0,-1.16,3000000.0,8013548.5
654,Reiver Sanmartin,26.0,-0.33,700000.0,8013548.5
655,Frank Schwindel,30.0,-0.83,705500.0,5346530.5
655,Collin Snider,26.0,-0.32,700000.0,5346530.5
656,Abraham Toro,25.0,-0.74,730300.0,3260762.2
656,Drew Smith,28.0,0.32,750000.0,3260762.2
657,Lewin Diaz,25.0,-0.58,700000.0,3465168.8
657,Ryan Pepiot,24.0,0.16,700000.0,3465168.8
658,Donovan Walton,28.0,-0.4,700000.0,5111785.0
658,Trevor Gott,29.0,-0.22,725000.0,5111785.0
659,Chris Owings,30.0,-0.6,1000000.0,5856924.5
659,Bryse Wilson,24.0,-0.59,715000.0,5856924.5
660,Phil Gosselin,33.0,-0.82,700000.0,7404326.5
660,Angel Zerpa,22.0,0.18,700000.0,7404326.5
661,Matt Beaty,29.0,-0.69,730000.0,5074765.0
661,JT Chargois,31.0,0.2,710500.0,5074765.0
662,Nelson Cruz,41.0,-0.33,12000000.0,18682724.0
662,Albert Abreu,26.0,0.11,707500.0,18682724.0
663,Tommy La Stella,33.0,-0.76,5250000.0,7579707.5
663,Andres Machado,29.0,0.0,708200.0,7579707.5
664,Maikel Franco,29.0,-0.96,1250000.0,4561147.0
664,Bryan Garcia,27.0,0.16,700000.0,4561147.0
665,Cooper Hummel,27.0,-0.57,700000.0,4294279.0
665,Derek Law,31.0,-0.01,700000.0,4294279.0
666,Kurt Suzuki,38.0,-0.61,1750000.0,13235041.0
666,Matthew Festa,29.0,0.0,700000.0,13235041.0
667,Michael Papierski,26.0,-0.71,700000.0,3658706.8
667,Jackson Tetreault,26.0,-0.16,700000.0,3658706.8
668,Cole Tucker,25.0,-0.84,715000.0,3140280.0
668,Alex Colome,33.0,-0.5,4100000.0,3140280.0
669,Joey Votto,38.0,-0.58,25000000.0,13371381.0
669,Josh Fleming,26.0,-0.79,707400.0,13371381.0
670,Yuli Gurriel,38.0,-0.61,700000.0,13235041.0
670,Stephen Nogosek,27.0,0.02,700000.0,13235041.0
671,Seth Beer,25.0,-0.92,701000.0,3047749.2
671,Anthony Bender,27.0,0.16,713000.0,3047749.2
672,Jermaine Palacios,25.0,-0.78,700000.0,3211915.0
672,Jarlin Garcia,29.0,0.15,1725000.0,3211915.0
673,Miguel Sano,29.0,-0.84,10583333.0,4782360.5
673,Justus Sheffield,26.0,-0.03,760800.0,4782360.5
674,Hunter Dozier,30.0,-1.18,4750000.0,4655004.0
674,Blake Taylor,26.0,-0.04,731800.0,4655004.0
675,Spencer Torkelson,22.0,-1.14,700000.0,2114157.2
675,Luis Torrens,26.0,-0.1,1200000.0,2114157.2
676,Jed Lowrie,38.0,-1.12,850000.0,11054181.0
676,Jose Ruiz,27.0,0.09,720000.0,11054181.0
677,Cristian Pache,23.0,-0.8,710000.0,2610834.0
677,Yunior Marte,27.0,-0.22,700000.0,2610834.0
678,Ernie Clement,26.0,-0.86,700800.0,3454136.0
678,Yoan Lopez,29.0,-0.11,700000.0,3454136.0
679,Franmil Reyes,26.0,-1.02,4550000.0,3250492.5
679,Shane Greene,33.0,-0.06,700000.0,3250492.5
680,Brad Miller,32.0,-1.35,6000000.0,5396145.0
680,Kaleb Ort,30.0,-0.26,700000.0,5396145.0
681,Kole Calhoun,34.0,-1.31,5200000.0,6796662.5
681,Jake McGee,35.0,-0.61,2500000.0,6796662.5
682,Eddie Rosario,30.0,-1.36,9000000.0,4336537.5
682,Tyson Miller,26.0,-0.4,700000.0,4336537.5
683,Leury Garcia,31.0,-1.04,5500000.0,5478817.0
683,Oliver Perez,40.0,-0.39,850000.0,5478817.0
684,Austin Romine,33.0,-0.93,700000.0,7092256.0
684,Parker Markel,31.0,0.01,700000.0,7092256.0
685,Riley Adams,26.0,-0.58,706700.0,3847284.2
685,Angel De Jesus,25.0,0.07,700000.0,3847284.2
686,Jose Barrero,24.0,-1.4,700000.0,2326454.2
686,Michael Feliz,29.0,-0.04,700000.0,2326454.2
687,Jonathan Villar,31.0,-1.2,4500000.0,5142143.5
687,Cole Waites,24.0,0.0,700000.0,5142143.5
688,Yoshi Tsutsugo,30.0,-1.48,700000.0,4137328.2
688,Brandon Bielak,26.0,-0.01,700000.0,4137328.2
689,Elias Diaz,31.0,-0.51,3000000.0,6756787.0
689,Phil Maton,29.0,-0.18,1550000.0,6756787.0
690,Robinson Cano,39.0,-1.44,24000000.0,10861371.0
690,Cody Poteet,27.0,0.09,704000.0,10861371.0
691,Miguel Cabrera,39.0,-1.25,32000000.0,11633218.0
691,Spencer Patton,34.0,-0.03,700000.0,11633218.0
692,Robinson Chirinos,38.0,-0.76,900000.0,12566383.0
692,Will Smith,32.0,-0.34,13000000.0,12566383.0
693,Hanser Alberto,29.0,-0.02,1600000.0,34438504.0
694,Trent Thornton,28.0,0.04,850000.0,33111520.0
695,Ross Detwiler,36.0,0.16,700000.0,40512280.0
696,Gerardo Reyes,29.0,-0.05,700000.0,34091504.0
697,Matthew Batten,27.0,-0.05,700000.0,29090600.0
698,Rico Garcia,28.0,-0.03,700000.0,31245744.0
699,Adam Kolarek,33.0,-0.02,700000.0,30485628.0
700,Jeremy Beasley,26.0,-0.06,700000.0,22621314.0
701,Corbin Martin,26.0,-0.12,705100.0,17316616.0
702,Paolo Espino,35.0,0.18,716200.0,23220398.0
703,Alex Wells,25.0,-0.04,700000.0,23174970.0
704,James Naile,29.0,-0.07,700000.0,27607756.0
705,Sean Reid-Foley,26.0,-0.07,717500.0,37100950.0
706,Xzavion Curry,23.0,-0.16,700000.0,23808656.0
707,Chi Chi Gonzalez,30.0,-0.15,700000.0,33619310.0
708,Cole Sands,24.0,-0.22,700000.0,21076276.0
709,Max Castillo,23.0,-0.29,700000.0,22594328.0
710,Tanner Tully,27.0,-0.08,700000.0,31414602.0
711,Silvino Bracho,29.0,-0.08,700000.0,29388356.0
712,Paul Fry,29.0,-0.18,850000.0,28666564.0
713,David McKay,27.0,-0.08,700000.0,30254226.0
714,Reed Garrett,29.0,-0.12,700000.0,29235890.0
715,Ian Hamilton,27.0,-0.07,700000.0,16714939.0
716,Alejo Lopez,26.0,-0.05,700000.0,24321920.0
717,Ethan Small,25.0,-0.12,700000.0,24321920.0
718,Ronel Blanco,28.0,-0.13,700000.0,24321920.0
719,Tyler Clippard,37.0,-0.08,700000.0,24321920.0
720,Max Meyer,23.0,-0.11,700000.0,12269963.0
721,Chad Smith,27.0,-0.22,700000.0,12269963.0
722,Carson Kelly,27.0,-0.08,3325000.0,12269963.0
723,Domingo Tapia,30.0,-0.24,700000.0,12269963.0
724,Robbie Erlin,31.0,-0.08,700000.0,18312292.0
725,Michael A. Taylor,31.0,-0.06,4500000.0,27112768.0
726,Connor Sadzeck,30.0,-0.08,700000.0,21039788.0
727,Ray Kerr,27.0,-0.12,700000.0,15946467.0
728,Daniel Duarte,25.0,-0.09,700000.0,19594368.0
729,Chris Ellis,29.0,-0.18,700000.0,17229998.0
730,Luke Barker,30.0,-0.12,700000.0,20785648.0
731,Yu Chang,26.0,-0.1,700000.0,16206395.0
732,Austin Wynns,31.0,-0.09,700000.0,27155708.0
733,Locke St. John,29.0,-0.09,700000.0,21239136.0
734,Jose Butto,24.0,-0.2,700000.0,18808510.0
735,Yadier Molina,39.0,-0.12,10000000.0,14532952.0
736,Josh Harrison,34.0,-0.15,4000000.0,22938718.0
737,Whit Merrifield,33.0,-0.08,7000000.0,22974652.0
738,Hunter Dozier,30.0,-0.08,4750000.0,20785648.0
739,Mike Ford,29.0,-0.08,700000.0,9239969.0
740,Bubby Rossman,30.0,-0.08,700000.0,18039622.0
741,Nicky Lopez,27.0,-0.08,2550000.0,16164243.0
742,Ernie Clement,26.0,-0.12,700800.0,14445312.0
743,Nicklaus Snyder,26.0,-0.11,700000.0,17126490.0
744,Noah Davis,25.0,-0.09,700000.0,9745977.0
745,JC Mejia,25.0,-0.05,700000.0,22784262.0
746,Dee Strange-Gordon,34.0,-0.1,800000.0,30939490.0
747,Donovan Walton,28.0,-0.1,700000.0,14397676.0
748,Albert Pujols,42.0,-0.12,2500000.0,21157696.0
749,Max Schrock,27.0,-0.12,710000.0,24626632.0
750,Chase De Jong,28.0,0.68,700000.0,14708607.0
751,Brent Suter,32.0,0.03,2700000.0,16544324.0
752,Colin Poche,28.0,-0.2,700000.0,11710630.0
753,Anibal Sanchez,38.0,0.32,2000000.0,16544324.0
754,Aroldis Chapman,34.0,-0.2,16000000.0,21493160.0
755,Yohan Ramirez,27.0,-0.01,711400.0,20107072.0
756,Jhoulys Chacin,34.0,-0.8,1250000.0,28838218.0
757,Andrew Kittredge,32.0,0.02,1850000.0,10724365.0
758,Luis Perdomo,29.0,-0.02,700000.0,14239186.0
759,Garrett Hill,26.0,0.1,700000.0,12048411.0
760,Anthony Gose,31.0,-0.2,702900.0,7947277.5
761,Manuel Rodriguez,25.0,0.0,700000.0,11801388.0
762,Erich Uelmen,26.0,-0.13,700000.0,13996067.0
763,Tyler Beede,29.0,-0.2,730000.0,13701397.0
764,Austin Warren,26.0,-0.16,710000.0,12269963.0
765,Kodi Whitley,27.0,-0.18,714350.0,20016714.0
766,Eduard Bazardo,26.0,0.06,700000.0,8963700.0
767,Oliver Ortega,25.0,-0.07,710000.0,8867438.0
768,Cole Sulser,32.0,-0.33,711000.0,8867438.0
769,Jared Koenig,28.0,-0.16,700000.0,20079730.0
770,Chase Silseth,22.0,-0.32,700000.0,20079730.0
771,Luis Frias,24.0,-0.63,700000.0,11135499.0
772,A.J. Alexy,24.0,-0.3,700000.0,12269963.0
773,Ronald Bolanos,25.0,0.0,700000.0,12669706.0
774,Sam Selman,31.0,-0.11,700000.0,10698083.0
775,JoJo Romero,25.0,-0.11,700000.0,13018043.0
776,Kirby Yates,35.0,-0.12,1000000.0,11640949.0
777,Jesus Cruz,27.0,-0.14,700000.0,18118400.0
778,Louis Head,32.0,-0.28,706000.0,11941930.0
779,Arodys Vizcaino,31.0,-0.12,700000.0,8772035.0
780,Elvis Peguero,25.0,-0.36,700000.0,18949944.0
781,Aaron Fletcher,26.0,-0.18,705000.0,27960684.0
782,Norge Ruiz,28.0,-0.29,700000.0,8952101.0
783,Francisco Morales,22.0,-0.16,700000.0,6774912.0
784,Francisco Perez,24.0,-0.15,700000.0,15007045.0
785,Wil Myers,31.0,-0.12,22500000.0,8383000.5
786,Carlos Hernandez,25.0,-0.72,708750.0,16893702.0
787,Aaron Brooks,32.0,-0.2,1400000.0,11752496.0
788,Matt Koch,31.0,-0.18,700000.0,28935504.0
789,Sam Clay,29.0,-0.2,700000.0,13311310.0
790,Sam Howard,29.0,-0.12,725000.0,29379934.0
791,Kervin Castro,23.0,-0.3,700000.0,9523098.0
792,A.J. Ladwig,29.0,-0.18,700000.0,11829142.0
793,Jared Solomon,25.0,-0.26,700000.0,10665403.0
794,Connor Seabold,26.0,-0.6,700000.0,8249621.5
795,Huascar Ynoa,24.0,-0.33,720000.0,13616663.0
796,Garrett Stubbs,29.0,-0.21,704500.0,9083545.0
797,Brett Phillips,28.0,-0.23,1400000.0,11640949.0
798,Frank Schwindel,30.0,-0.19,705500.0,7390325.5
799,Frank German,24.0,-0.1,700000.0,14644148.0
800,Jerad Eickhoff,31.0,-0.29,700000.0,15145340.0
801,Nick Gordon,26.0,-0.26,706800.0,6717406.0
802,Joey Krehbiel,29.0,-0.01,701000.0,17715378.0
803,Jharel Cotton,30.0,-0.02,700000.0,20251122.0
804,Adrian Martinez,25.0,-0.53,700000.0,17315542.0
805,Joe Barlow,26.0,-0.04,704000.0,15962489.0
806,Zack Littell,26.0,-0.09,730000.0,12625684.0
807,Jacob Barnes,32.0,-0.28,1130000.0,17428598.0
808,Bennett Sousa,27.0,-0.64,700000.0,14231386.0
809,Brandon Hughes,26.0,0.53,700000.0,24509636.0
810,Ralph Garza,28.0,0.0,700000.0,8738589.0
811,Jake Bird,26.0,0.02,700000.0,13639480.0
812,Javy Guerra,26.0,-0.1,700000.0,14286531.0
813,Josh Rogers,27.0,-0.12,700000.0,9362807.0
814,J.B. Wendelken,29.0,-0.32,830000.0,6726140.0
815,Jason Alexander,29.0,-0.57,700000.0,9032123.0
816,Calvin Faucher,26.0,-0.34,700000.0,12735696.0
817,Jeurys Familia,32.0,-0.5,6000000.0,11599361.0
818,Art Warren,29.0,-0.54,702500.0,9362807.0
819,Tucker Davidson,26.0,-0.55,710000.0,10671850.0
820,Dallas Keuchel,34.0,-1.46,18000000.0,7516305.5
821,Sammy Long,26.0,-0.15,700000.0,7453075.0
822,Justin Bruihl,25.0,-0.11,710000.0,11592511.0
823,Miguel Sanchez,28.0,-0.14,700000.0,9043451.0
824,Steve Cishek,36.0,0.01,1750000.0,8878596.0
825,Keynan Middleton,28.0,-0.43,700000.0,20730712.0
826,Tommy Milone,35.0,-0.22,700000.0,15079882.0
827,Kirby Snead,27.0,-0.5,700000.0,7698985.5
828,Ryan Burr,28.0,-0.23,711000.0,9404048.0
829,Chasen Shreve,31.0,-0.37,1500000.0,7789296.0
830,Jimmy Yacabonis,30.0,-0.44,700000.0,7575144.5
831,Miguel Yajure,24.0,-0.65,705000.0,17350340.0
832,Kohei Arihara,29.0,-0.57,700000.0,11420079.0
833,Yennier Cano,28.0,-0.62,700000.0,18772230.0
834,Junior Fernandez,25.0,0.0,700000.0,11606215.0
835,Austin Pruitt,32.0,-0.05,700000.0,6240171.5
836,Tyler Gilbert,28.0,-0.26,700000.0,5915345.0
837,Dusten Knight,31.0,-0.22,700000.0,20993758.0
838,T.J. McFarland,33.0,-0.54,2500000.0,10723954.0
839,Thomas Szapucki,26.0,-0.11,700000.0,15104535.0
840,Jose Marte,26.0,-0.25,700000.0,4878033.0
841,Ethan Roberts,24.0,-0.28,700000.0,9691184.0
842,Travis Lakins Sr.,28.0,-0.36,700000.0,6057586.5
843,Jackson Kowar,25.0,-0.43,702000.0,7162551.0
844,Phillip Diehl,27.0,-0.26,700000.0,12169239.0
845,R.J. Alvarez,31.0,-0.22,700000.0,9654917.0
846,Thomas Hatch,27.0,-0.34,700000.0,8480211.0
847,Jake Brentz,27.0,-0.8,711250.0,6690724.5
848,Josh VanMeter,27.0,-0.35,726800.0,9014798.0
849,Bryan Shaw,34.0,-0.68,2500000.0,7743866.0
850,Mike Minor,34.0,-0.48,10000000.0,10561403.0
851,Tyler Danish,27.0,-0.26,700000.0,22211390.0
852,Tommy Henry,24.0,-0.28,700000.0,8644343.0
853,Zach Logue,26.0,-0.74,700000.0,15778882.0
854,Sean Poppen,28.0,-0.24,717400.0,11495635.0
855,Daniel Norris,29.0,-0.46,1750000.0,6945684.5
856,Jose Alvarez,33.0,-0.24,1500000.0,10921540.0
857,Michael Pineda,33.0,-0.5,5500000.0,6686378.0
858,Craig Stammen,38.0,-0.28,4000000.0,10047452.0
859,Andrew Nardi,23.0,-0.57,700000.0,9709547.0
860,Dauri Moreta,26.0,-0.13,700000.0,8710741.0
861,Casey Lawrence,34.0,-0.44,700000.0,14349630.0
862,Greg Holland,36.0,-0.34,2100000.0,7148383.0
863,Jacob Lemoine,28.0,-0.46,700000.0,6882090.5
864,Tayler Saucedo,29.0,-0.33,707500.0,6841750.5
865,Jon Heasley,25.0,-0.25,700000.0,9112376.0
866,Tyler Duffey,31.0,-0.4,3800000.0,10881812.0
867,Trevor Kelley,29.0,-0.43,700000.0,10484001.0
868,Vladimir Gutierrez,26.0,-0.5,707500.0,10529031.0
869,Chris Mazza,32.0,-0.52,730000.0,8766163.0
870,Bryan Hoeing,25.0,-0.66,700000.0,10961377.0
871,Dereck Rodriguez,30.0,-0.16,700000.0,6125944.5
872,Cory Abbott,26.0,-0.25,700000.0,7516305.5
873,Anderson Espinoza,24.0,-0.26,700000.0,8003642.0
874,Anthony Castro,27.0,-0.56,700000.0,5540977.0
875,T.J. Zeuch,26.0,-0.62,700000.0,11536963.0
876,Darwinzon Hernandez,25.0,-0.69,700000.0,11454415.0
877,Josiah Gray,24.0,-0.07,703500.0,4546345.5
878,Jake Diekman,35.0,-0.46,3500000.0,7839972.5
879,Noe Ramirez,32.0,-0.72,1250000.0,13349306.0
880,Drew VerHagen,31.0,-0.7,2500000.0,7669089.0
881,Ryan Borucki,28.0,-0.46,825000.0,8128417.5
882,Luis Patino,22.0,-0.68,707400.0,14207511.0
883,Alec Mills,30.0,-0.66,741250.0,13570143.0
884,Hunter Gaddis,24.0,-0.64,700000.0,5822336.0
885,Yusei Kikuchi,31.0,-0.88,16000000.0,4779441.0
886,Heath Hembree,33.0,-0.68,2125000.0,8170273.0
887,Spencer Howard,25.0,-0.9,714000.0,7584886.5
888,Sean Newcomb,29.0,-1.01,900000.0,16087864.0
889,Hansel Robles,31.0,-0.72,2250000.0,10888358.0
890,Justin Dunn,26.0,-0.38,720000.0,7850017.5
891,Kolby Allard,24.0,-0.6,720000.0,5508008.0
892,Tommy Romero,24.0,-0.58,700000.0,13130215.0
893,Kirk McCarty,26.0,-0.54,700000.0,11379051.0
894,Genesis Cabrera,25.0,-0.54,719200.0,7728985.0
895,Matt Swarmer,28.0,-0.63,700000.0,4186346.5
896,Bruce Zimmermann,27.0,-0.82,700000.0,11955912.0
897,Caleb Smith,30.0,-0.34,2000000.0,15234696.0
898,Sergio Romo,39.0,-0.76,2000000.0,6029712.0
899,Ian Kennedy,37.0,-1.01,4500000.0,5868660.5
900,Elieser Hernandez,27.0,-0.99,1325000.0,6195044.0
901,Joe Smith,38.0,-0.74,2500000.0,7911157.0
902,Mike Mayers,30.0,-0.82,2150000.0,9123784.0
903,Elvin Rodriguez,24.0,-1.23,700000.0,6655484.0
904,Adam Oller,27.0,-1.04,700000.0,6900244.0
905,Jonathan Heasley,,,700000.0,9263057.0
906,Sam Long,,,703750.0,11034756.0
907,Ralph Garza Jr.,,,700000.0,4300015.0
908,Hyun Jin Ryu,,,700000.0,4089270.8
909,Franklin German,,,700000.0,9100617.0
910,J.C. Mejia,,,700000.0,15588095.0
911,Carlos Sanchez,,,700000.0,4995228.0
912,Brian Moran,,,700000.0,4597438.5
913,Brendon Little,,,700000.0,5711821.5
914,Nick Snyder,,,700000.0,5982145.5
915,Andrew Knizner,,,718300.0,9210444.0
916,Jermaine Palacios,,,700000.0,7911157.0
917,Darick Hall,,,700000.0,7242239.5
918,Freddy Tarnok,,,700000.0,5958501.0
919,Nash Walters,,,700000.0,5795519.0
920,Zack Britton,,,14000000.0,12169239.0
921,Bowden Francis,,,700000.0,7634390.0
922,Marwin Gonzalez,,,1100000.0,8889765.0
923,,,,,8799697.0
924,,,,,23635944.0
925,,,,,15136770.0
926,,,,,8420638.0
927,,,,,5519052.5
928,,,,,19029866.0
929,,,,,5329079.5
930,,,,,5566629.0
931,,,,,5389312.5
932,,,,,11290583.0
933,,,,,10191131.0
934,,,,,8556366.0
935,,,,,4754197.5
936,,,,,8755127.0
937,,,,,8420638.0
938,,,,,10967956.0
939,,,,,16696996.0
940,,,,,5217681.5
941,,,,,9960309.0
942,,,,,6268981.5
943,,,,,5659311.5
944,,,,,7649113.5
945,,,,,5700628.0
946,,,,,4510667.5
947,,,,,5439326.5
948,,,,,4923199.0
949,,,,,10881812.0
950,,,,,10888358.0
951,,,,,4962316.0
952,,,,,5891957.5
953,,,,,4652165.0
954,,,,,8388324.5
955,,,,,7318302.0
956,,,,,5938824.0
957,,,,,6125944.5
958,,,,,7125021.5
959,,,,,8738243.0
960,,,,,6273071.5
961,,,,,7299146.0
962,,,,,13326314.0
963,,,,,6273071.5
964,,,,,5500810.0
965,,,,,8518215.0
966,,,,,11088146.0
967,,,,,5519052.5
968,,,,,6982065.0
969,,,,,10619533.0
970,,,,,8207089.0
971,,,,,5548230.0
972,,,,,4057463.5
973,,,,,4748005.5
974,,,,,13531763.0
975,,,,,6081613.5
976,,,,,14901383.0
977,,,,,8425978.0
978,,,,,9315543.0
979,,,,,11182152.0
980,,,,,5544602.5
981,,,,,6717132.0
982,,,,,5064831.0
983,,,,,11027731.0
984,,,,,5872497.0
985,,,,,8716236.0
986,,,,,7916215.0
987,,,,,6077643.5
988,,,,,10554602.0
989,,,,,9966428.0
990,,,,,6260554.0
991,,,,,6521561.5
992,,,,,12920733.0
993,,,,,8991862.0
994,,,,,5868660.5
995,,,,,5757283.0
996,,,,,10855249.0
997,,,,,6959202.5
998,,,,,6482936.0
999,,,,,7713815.5
1000,,,,,6586060.5
1001,,,,,5938824.0
1002,,,,,8594654.0
1003,,,,,5678074.5
1004,,,,,6427760.5
1005,,,,,5038228.5
1006,,,,,5272974.5
1007,,,,,7713815.5
1008,,,,,6629573.5
1009,,,,,6873168.0
1010,,,,,7265950.0
1011,,,,,6586060.5
1012,,,,,3651738.2
1013,,,,,10247718.0
1014,,,,,5125371.5
1015,,,,,8600085.0
1016,,,,,6013733.0
1017,,,,,6013733.0
1018,,,,,6013733.0
1019,,,,,6013733.0
1020,,,,,3626032.8
1021,,,,,3626032.8
1022,,,,,3626032.8
1023,,,,,3626032.8
1024,,,,,6240171.5
1025,,,,,5678074.5
1026,,,,,5417802.5
1027,,,,,8039808.0
1028,,,,,6686378.0
1029,,,,,7148383.0
1030,,,,,8302554.5
1031,,,,,11420079.0
1032,,,,,4255215.0
1033,,,,,7153006.5
1034,,,,,8529003.0
1035,,,,,10191131.0
1036,,,,,8372035.5
1037,,,,,4089270.8
1038,,,,,4285949.5
1039,,,,,5293915.5
1040,,,,,4842763.5
1041,,,,,8833338.0
1042,,,,,6712769.5
1043,,,,,7385265.0
1044,,,,,4057463.5
1045,,,,,5573914.5
1046,,,,,4968799.5
1047,,,,,5227926.0
1048,,,,,8567188.0
1049,,,,,10947813.0
1050,,,,,4679693.5
1051,,,,,8567188.0
1052,,,,,13855472.0
1053,,,,,11752058.0
1054,,,,,11135080.0
1055,,,,,7327751.0
1056,,,,,3976584.0
1057,,,,,3976584.0
1058,,,,,3976584.0
1059,,,,,3976584.0
1060,,,,,3976584.0
1061,,,,,3976584.0
1062,,,,,3976584.0
1063,,,,,3976584.0
1064,,,,,3976584.0
1065,,,,,3976584.0
1066,,,,,3976584.0
1067,,,,,3976584.0
1068,,,,,3976584.0
1069,,,,,3976584.0
1070,,,,,3976584.0
1071,,,,,3976584.0
1072,,,,,5269529.5
1073,,,,,5269529.5
1074,,,,,5269529.5
1075,,,,,5269529.5
1076,,,,,5269529.5
1077,,,,,5269529.5
1078,,,,,5269529.5
1079,,,,,5269529.5
1080,,,,,5269529.5
1081,,,,,5269529.5
1082,,,,,5269529.5
1083,,,,,5269529.5
1084,,,,,5269529.5
1085,,,,,5269529.5
1086,,,,,5269529.5
1087,,,,,5269529.5
1088,,,,,11094788.0
1089,,,,,3637704.8
1090,,,,,7952041.0
1091,,,,,7674013.5
1092,,,,,10894906.0
1093,,,,,4121351.2
1094,,,,,5895809.5
1095,,,,,5923081.5
1096,,,,,5738257.0
1097,,,,,5915345.0
1098,,,,,7890624.5
1099,,,,,8968971.0
1100,,,,,7418949.5
1101,,,,,6642515.5
1102,,,,,6360321.0
1103,,,,,6796939.0
1104,,,,,4353780.5
1105,,,,,5822336.0
1106,,,,,6695072.0
1107,,,,,4906962.0
1108,,,,,4388130.0
1109,,,,,5290457.5
1110,,,,,4695143.5
1111,,,,,11849993.0
1112,,,,,9824833.0
1113,,,,,5776368.5
1114,,,,,10548205.0
1115,,,,,8270627.5
1116,,,,,5776368.5
1117,,,,,6385499.0
1118,,,,,3948281.5
1119,,,,,4238568.0
1120,,,,,3932952.5
1121,,,,,7418949.5
1122,,,,,8561776.0
1123,,,,,9739583.0
1124,,,,,12801915.0
1125,,,,,5190046.0
1126,,,,,4373753.0
1127,,,,,6521561.5
1128,,,,,4546345.5
1129,,,,,8339880.5
1130,,,,,13092139.0
1131,,,,,3668165.5
1132,,,,,5276422.5
1133,,,,,9140917.0
1134,,,,,15546701.0
1135,,,,,13539338.0
1136,,,,,6991117.0
1137,,,,,6748018.5
1138,,,,,4679693.5
1139,,,,,9112015.0
1140,,,,,12544700.0
1141,,,,,10987716.0
1142,,,,,4252465.0
1143,,,,,12055000.0
1144,,,,,4528469.0
1145,,,,,4807758.5
1146,,,,,4388130.0
1147,,,,,4807758.5
1148,,,,,4549302.0
1149,,,,,5640607.0
1150,,,,,3651738.2
1151,,,,,8244045.0
1152,,,,,4075956.2
1153,,,,,4305585.5
1154,,,,,7511168.0
1155,,,,,5711821.5
1156,,,,,2816943.8
1157,,,,,5511614.0
1158,,,,,4985250.5
1159,,,,,6534305.0
1160,,,,,4513597.0
1161,,,,,7988001.0
1162,,,,,4965558.5
1163,,,,,6252392.5
1164,,,,,4531411.0
1165,,,,,7895675.0
1166,,,,,5551859.0
1167,,,,,4549302.0
1168,,,,,4985250.5
1169,,,,,7654023.5
1170,,,,,5573914.5
1171,,,,,9715173.0
1172,,,,,5064831.0
1173,,,,,3626032.8
1174,,,,,6748018.5
1175,,,,,6774637.0
1176,,,,,4356601.0
1177,,,,,7023166.5
1178,,,,,6725863.5
1179,,,,,7361200.5
1180,,,,,8180681.5
1181,,,,,4791917.5
1182,,,,,3382547.5
1183,,,,,5375014.5
1184,,,,,3668165.5
1185,,,,,7555384.0
1186,,,,,8143968.0
1187,,,,,6668745.0
1188,,,,,8594654.0
1189,,,,,8270627.5
1190,,,,,6586060.5
1191,,,,,7361200.5
1192,,,,,10355684.0
1193,,,,,5108445.5
1194,,,,,11468004.0
1195,,,,,8794162.0
1196,,,,,4658225.5
1197,,,,,5659311.5
1198,,,,,6774637.0
1199,,,,,17767204.0
1200,,,,,4716791.0
1201,,,,,4205486.5
1202,,,,,2888461.0
1203,,,,,5993881.0
1204,,,,,7481919.0
1205,,,,,8372035.5
1206,,,,,4460602.0
1207,,,,,11516076.0
1208,,,,,9037427.0
1209,,,,,7101728.5
1210,,,,,10311217.0
1211,,,,,12625229.0
1212,,,,,5551859.0
1213,,,,,5421346.5
1214,,,,,5508008.0
1215,,,,,3950816.5
1216,,,,,4926413.5
1217,,,,,4012844.8
1218,,,,,5489803.0
1219,,,,,6017662.5
1220,,,,,3612111.8
1221,,,,,5644296.5
1222,,,,,10279427.0
1223,,,,,10203599.0
1224,,,,,11270012.0
1225,,,,,9216201.0
1226,,,,,12500960.0
1227,,,,,7477107.5
1228,,,,,10203599.0
1229,,,,,10203599.0
1230,,,,,9216201.0
1231,,,,,7565103.5
1232,,,,,8501715.0
1233,,,,,5421346.5
1234,,,,,7477107.5
1235,,,,,8307830.5
1236,,,,,4868298.0
1237,,,,,8307830.5
1238,,,,,7506337.0
1239,,,,,5421346.5
1240,,,,,6037591.5
1241,,,,,8436665.0
1242,,,,,5421346.5
1243,,,,,7018620.0
1244,,,,,5421346.5
1245,,,,,4945944.5
1246,,,,,5508008.0
1247,,,,,5464505.5
1248,,,,,6085584.5
1249,,,,,4868298.0
1250,,,,,5421346.5
1251,,,,,4408272.0
1252,,,,,4868298.0
1253,,,,,3963677.2
1254,,,,,3932952.5
1255,,,,,3568456.8
1256,,,,,4373753.0
1257,,,,,4443085.5
1258,,,,,4965558.5
1259,,,,,8766163.0
1260,,,,,7157632.0
1261,,,,,9642600.0
1262,,,,,6105731.5
1263,,,,,7535669.0
1264,,,,,6774637.0
1265,,,,,3266995.0
1266,,,,,13032379.0
1267,,,,,5464505.5
1268,,,,,9715173.0
1269,,,,,4868298.0
1270,,,,,4945944.5
1271,,,,,3568456.8
1272,,,,,10053226.0
1273,,,,,7654023.5
1274,,,,,4849085.0
1275,,,,,10241459.0
1276,,,,,4478193.0
1277,,,,,2834210.8
1278,,,,,5942705.5
1279,,,,,5573914.5
1280,,,,,4868298.0
1281,,,,,7162259.0
1282,,,,,4373753.0
1283,,,,,10128196.0
1284,,,,,6037591.5
1285,,,,,4356601.0
1286,,,,,4945944.5
1287,,,,,6037591.5
1288,,,,,7275334.5
1289,,,,,5989967.0
1290,,,,,4305585.5
1291,,,,,5378529.0
1292,,,,,5989967.0
1293,,,,,5942705.5
1294,,,,,3181893.2
1295,,,,,7809280.5
1296,,,,,8307830.5
1297,,,,,5378529.0
1298,,,,,5989967.0
1299,,,,,4339523.0
1300,,,,,6360321.0
1301,,,,,7748833.0
1302,,,,,4849085.0
1303,,,,,3783278.0
1304,,,,,5336054.0
1305,,,,,4679693.5
1306,,,,,5942705.5
1307,,,,,5231343.0
1308,,,,,7905782.0
1309,,,,,8244045.0
1310,,,,,6616382.0
1311,,,,,7246916.0
1312,,,,,3725215.8
1313,,,,,6235847.0
1314,,,,,4642902.5
1315,,,,,4661260.5
1316,,,,,14531963.0
1317,,,,,7390025.0
1318,,,,,8180681.5
1319,,,,,7390025.0
1320,,,,,9146636.0
1321,,,,,4791917.5
1322,,,,,5210652.5
1323,,,,,3076364.0
1324,,,,,3859767.8
1325,,,,,5318420.0
1326,,,,,12240618.0
1327,,,,,10710610.0
1328,,,,,9612425.0
1329,,,,,4271934.5
1330,,,,,4606418.5
1331,,,,,5231343.0
1332,,,,,8117738.0
1333,,,,,5293915.5
1334,,,,,4255215.0
1335,,,,,5872497.0
1336,,,,,7275334.5
1337,,,,,8872666.0
1338,,,,,5357249.0
1339,,,,,8660729.0
1340,,,,,5636919.0
1341,,,,,5044814.5
1342,,,,,6774637.0
1343,,,,,8633090.0
1344,,,,,6331110.0
1345,,,,,7452774.0
1346,,,,,4929629.5
1347,,,,,4241308.5
1348,,,,,4257969.0
1349,,,,,6796939.0
1350,,,,,4153710.2
1351,,,,,6113709.0
1352,,,,,3114906.8
1353,,,,,3393314.0
1354,,,,,8900939.0
1355,,,,,5044814.5
1356,,,,,6668745.0
1357,,,,,5730760.0
1358,,,,,8212310.5
1359,,,,,6668745.0
1360,,,,,4534358.5
1361,,,,,8382667.0
1362,,,,,3547910.0
1363,,,,,5421346.5
1364,,,,,5730760.0
1365,,,,,7073928.0
1366,,,,,4773019.0
1367,,,,,4754197.5
1368,,,,,4642902.5
1369,,,,,5573914.5
1370,,,,,4929629.5
1371,,,,,6385499.0
1372,,,,,9904573.0
1373,,,,,6699423.5
1374,,,,,9879840.0
1375,,,,,4126670.0
1376,,,,,16944610.0
1377,,,,,8275883.0
1378,,,,,4460602.0
1379,,,,,6564405.5
1380,,,,,3902492.8
1381,,,,,4810894.0
1382,,,,,6211234.0
1383,,,,,5573914.5
1384,,,,,11067846.0
1385,,,,,8029230.0
1386,,,,,6616382.0
1387,,,,,6085584.5
1388,,,,,14286045.0
1389,,,,,6538559.0
1390,,,,,5272974.5
1391,,,,,5919212.0
1392,,,,,10053226.0
1393,,,,,4716791.0
1394,,,,,4606418.5
1395,,,,,13122315.0
1396,,,,,4271934.5
1397,,,,,6487158.5
1398,,,,,4698204.0
1399,,,,,3306362.0
1400,,,,,6995644.0
1401,,,,,3584454.5
1402,,,,,3148185.0
1403,,,,,5210652.5
1404,,,,,6461601.5
1405,,,,,6211234.0
1406,,,,,5210652.5
1407,,,,,6360321.0
1408,,,,,5231343.0
1409,,,,,4735455.5
1410,,,,,4140165.2
1411,,,,,5689224.5
1412,,,,,14436463.0
1413,,,,,3369706.5
1414,,,,,4929629.5
1415,,,,,5210652.5
1416,,,,,6752402.5
1417,,,,,7993105.0
1418,,,,,8055211.5
1419,,,,,7190378.5
1420,,,,,5128722.0
1421,,,,,4189050.0
1422,,,,,6211234.0
1423,,,,,7078504.5
1424,,,,,4642902.5
1425,,,,,7962205.0
1426,,,,,6436137.0
1427,,,,,3612111.8
1428,,,,,16936120.0
1429,,,,,10593443.0
1430,,,,,9830892.0
1431,,,,,7190378.5
1432,,,,,6461601.5
1433,,,,,7190378.5
1434,,,,,5210652.5
1435,,,,,4606418.5
1436,,,,,4624622.5
1437,,,,,4189050.0
1438,,,,,4255215.0
1439,,,,,10789250.0
1440,,,,,5757283.0
1441,,,,,21283520.0
1442,,,,,5128722.0
1443,,,,,7824614.5
1444,,,,,9251144.0
1445,,,,,5533509.0
1446,,,,,17810982.0
1447,,,,,10400302.0
1448,,,,,5357249.0
1449,,,,,8291682.0
1450,,,,,9216201.0
1451,,,,,6616382.0
1452,,,,,5024877.5
1453,,,,,7629178.5
1454,,,,,4339523.0
1455,,,,,4588290.5
1456,,,,,6162284.5
1457,,,,,4534358.5
1458,,,,,5008293.0
1459,,,,,4945944.5
1460,,,,,4221992.0
1461,,,,,8060353.5
1462,,,,,5621964.5
1463,,,,,2815245.8
1464,,,,,3068678.0
1465,,,,,3476244.2
1466,,,,,4339523.0
1467,,,,,7900723.5
1468,,,,,4156390.2
1469,,,,,11814826.0
1470,,,,,5088250.0
1471,,,,,8217541.0
1472,,,,,7870139.0
1473,,,,,3771071.5
1474,,,,,4498780.5
1475,,,,,5339544.0
1476,,,,,2986119.0
1477,,,,,3682333.8
1478,,,,,7870139.0
1479,,,,,3285517.8
1480,,,,,8474504.0
1481,,,,,7688801.0
1482,,,,,6162284.5
1483,,,,,6360321.0
1484,,,,,3136398.0
1485,,,,,6211234.0
1486,,,,,3920202.0
1487,,,,,3817569.0
1488,,,,,3436647.8
1489,,,,,6137950.5
1490,,,,,5468080.0
1491,,,,,6886552.0
1492,,,,,3754118.8
1493,,,,,7365946.0
1494,,,,,4359427.0
1495,,,,,6642515.5
1496,,,,,7361200.5
1497,,,,,3532100.2
1498,,,,,4754197.5
1499,,,,,4661260.5
1500,,,,,8217541.0
1501,,,,,4178076.0
1502,,,,,5958501.0
1503,,,,,5989967.0
1504,,,,,4868298.0
1505,,,,,4642902.5
1506,,,,,5128722.0
1507,,,,,5876336.5
1508,,,,,5321899.0
1509,,,,,4224721.0
1510,,,,,7545369.0
1511,,,,,5385568.0
1512,,,,,3892347.0
1513,,,,,6406333.5
1514,,,,,4552260.0
1515,,,,,4156390.2
1516,,,,,5666716.5
1517,,,,,13585324.0
1518,,,,,5051407.5
1519,,,,,11399339.0
1520,,,,,4413994.0
1521,,,,,5468080.0
1522,,,,,7138855.5
1523,,,,,6239914.0
1524,,,,,3045876.8
1525,,,,,5321899.0
1526,,,,,4685790.5
1527,,,,,4339523.0
1528,,,,,8974601.0
1529,,,,,5403426.5
1530,,,,,7569968.5
1531,,,,,8254537.5
1532,,,,,4624622.5
1533,,,,,4376589.0
1534,,,,,3502937.5
1535,,,,,5193437.5
1536,,,,,3670498.2
1537,,,,,4852247.0
1538,,,,,7569968.5
1539,,,,,4701263.0
1540,,,,,3925233.5
1541,,,,,4682740.0
1542,,,,,8682621.0
1543,,,,,9368272.0
1544,,,,,4852247.0
1545,,,,,3502937.5
1546,,,,,3616697.5
1547,,,,,5446443.5
1548,,,,,5559126.0
1549,,,,,9256914.0
1550,,,,,8382667.0
1551,,,,,14780180.0
1552,,,,,2837637.5
1553,,,,,4588290.5
1554,,,,,9510546.0
1555,,,,,12033470.0
1556,,,,,4991763.5
1557,,,,,5853100.0
1558,,,,,3935475.2
1559,,,,,7055349.0
1560,,,,,5625642.0
1561,,,,,3968770.5
1562,,,,,7486739.5
1563,,,,,3361134.5
1564,,,,,6968224.0
1565,,,,,4376589.0
1566,,,,,3529868.8
1567,,,,,4311164.0
1568,,,,,3788112.2
1569,,,,,3323071.0
1570,,,,,3797953.0
1571,,,,,10445063.0
1572,,,,,6922650.0
1573,,,,,6268723.0
1574,,,,,4991763.5
1575,,,,,2474037.2
1576,,,,,5719296.0
1577,,,,,3057251.2
1578,,,,,5837575.5
1579,,,,,7819289.0
1580,,,,,3070567.0
1581,,,,,4472200.5
1582,,,,,6219341.5
1583,,,,,4159074.8
1584,,,,,3103271.0
1585,,,,,3126596.2
1586,,,,,3907499.5
1587,,,,,3518594.5
1588,,,,,4667332.0
1589,,,,,3894842.2
1590,,,,,6491380.5
1591,,,,,13793143.0
1592,,,,,10419299.0
1593,,,,,3646956.5
1594,,,,,12654261.0
1595,,,,,5367769.0
1596,,,,,2468213.0
1597,,,,,3577507.0
1598,,,,,822638.5
1599,,,,,822638.5
1600,,,,,822638.5
1601,,,,,822638.5
1602,,,,,822638.5
1603,,,,,822638.5
1604,,,,,822638.5
1605,,,,,822638.5
1606,,,,,822638.5
1607,,,,,822638.5
1608,,,,,822638.5
1609,,,,,822638.5
1610,,,,,822638.5
1611,,,,,822638.5
1612,,,,,822638.5
1613,,,,,822638.5
1614,,,,,822638.5
1615,,,,,822638.5
