,Unnamed: 0.5,Unnamed: 0.4,Unnamed: 0.3,Unnamed: 0.2,Unnamed: 0.1,Unnamed: 0,teamIDfg,Season,Team,Age,W,L,ERA,G,GS,CG,ShO,SV,BS,IP,TBF,H,R,ER,HR,BB,IBB,HBP,WP,BK,SO,GB,FB,LD,IFFB,Balls,Strikes,Pitches,RS,IFH,BU,BUH,K/9,BB/9,K/BB,H/9,HR/9,AVG,WHIP,BABIP,LOB%,FIP,GB/FB,LD%,GB%,FB%,IFFB%,HR/FB,IFH%,BUH%,Starting,Start-IP,Relieving,Relief-IP,RAR,WAR,Dollars,tERA,xFIP,WPA,-WPA,+WPA,RE24,REW,pLI,inLI,gmLI,exLI,Pulls,WPA/LI,Clutch,FB% 2,FBv,SL%,SLv,CT%,CTv,CB%,CBv,CH%,CHv,SF%,SFv,KN%,KNv,XX%,PO%,wFB,wSL,wCT,wCB,wCH,wSF,wKN,wFB/C,wSL/C,wCT/C,wCB/C,wCH/C,wSF/C,wKN/C,O-Swing%,Z-Swing%,Swing%,O-Contact%,Z-Contact%,Contact%,Zone%,F-Strike%,SwStr%,HLD,SD,MD,ERA-,FIP-,xFIP-,K%,BB%,SIERA,RS/9,E-F,FA% (sc),FT% (sc),FC% (sc),FS% (sc),FO% (sc),SI% (sc),SL% (sc),CU% (sc),KC% (sc),EP% (sc),CH% (sc),SC% (sc),KN% (sc),UN% (sc),vFA (sc),vFT (sc),vFC (sc),vFS (sc),vFO (sc),vSI (sc),vSL (sc),vCU (sc),vKC (sc),vEP (sc),vCH (sc),vSC (sc),vKN (sc),FA-X (sc),FT-X (sc),FC-X (sc),FS-X (sc),FO-X (sc),SI-X (sc),SL-X (sc),CU-X (sc),KC-X (sc),EP-X (sc),CH-X (sc),SC-X (sc),KN-X (sc),FA-Z (sc),FT-Z (sc),FC-Z (sc),FS-Z (sc),FO-Z (sc),SI-Z (sc),SL-Z (sc),CU-Z (sc),KC-Z (sc),EP-Z (sc),CH-Z (sc),SC-Z (sc),KN-Z (sc),wFA (sc),wFT (sc),wFC (sc),wFS (sc),wFO (sc),wSI (sc),wSL (sc),wCU (sc),wKC (sc),wEP (sc),wCH (sc),wSC (sc),wKN (sc),wFA/C (sc),wFT/C (sc),wFC/C (sc),wFS/C (sc),wFO/C (sc),wSI/C (sc),wSL/C (sc),wCU/C (sc),wKC/C (sc),wEP/C (sc),wCH/C (sc),wSC/C (sc),wKN/C (sc),O-Swing% (sc),Z-Swing% (sc),Swing% (sc),O-Contact% (sc),Z-Contact% (sc),Contact% (sc),Zone% (sc),Pace,RA9-WAR,BIP-Wins,LOB-Wins,FDP-Wins,Age Rng,K-BB%,Pull%,Cent%,Oppo%,Soft%,Med%,Hard%,kwERA,TTO%,CH% (pi),CS% (pi),CU% (pi),FA% (pi),FC% (pi),FS% (pi),KN% (pi),SB% (pi),SI% (pi),SL% (pi),XX% (pi),vCH (pi),vCS (pi),vCU (pi),vFA (pi),vFC (pi),vFS (pi),vKN (pi),vSB (pi),vSI (pi),vSL (pi),vXX (pi),CH-X (pi),CS-X (pi),CU-X (pi),FA-X (pi),FC-X (pi),FS-X (pi),KN-X (pi),SB-X (pi),SI-X (pi),SL-X (pi),XX-X (pi),CH-Z (pi),CS-Z (pi),CU-Z (pi),FA-Z (pi),FC-Z (pi),FS-Z (pi),KN-Z (pi),SB-Z (pi),SI-Z (pi),SL-Z (pi),XX-Z (pi),wCH (pi),wCS (pi),wCU (pi),wFA (pi),wFC (pi),wFS (pi),wKN (pi),wSB (pi),wSI (pi),wSL (pi),wXX (pi),wCH/C (pi),wCS/C (pi),wCU/C (pi),wFA/C (pi),wFC/C (pi),wFS/C (pi),wKN/C (pi),wSB/C (pi),wSI/C (pi),wSL/C (pi),wXX/C (pi),O-Swing% (pi),Z-Swing% (pi),Swing% (pi),O-Contact% (pi),Z-Contact% (pi),Contact% (pi),Zone% (pi),Pace (pi),FRM,K/9+,BB/9+,K/BB+,H/9+,HR/9+,AVG+,WHIP+,BABIP+,LOB%+,K%+,BB%+,LD%+,GB%+,FB%+,HR/FB%+,Pull%+,Cent%+,Oppo%+,Soft%+,Med%+,Hard%+,EV,LA,Barrels,Barrel%,maxEV,HardHit,HardHit%,Events,CStr%,CSW%,xERA
0,0,0,0,0,0,0,22,2021,LAD,28,106,56,3.03,762,162,1,0,56,26,1452.0,5948,1107,561,489,161,486,43,63,52,9,1599,1660,1360,708,157,7816,15110,22926,830,114,67,16,9.91,3.01,3.29,6.86,1.0,0.205,1.1,0.26,0.765,3.54,1.22,0.19,0.445,0.365,0.115,0.118,0.069,0.239,192.5,838.9,63.6,602.6,256.1,27.1,$216.6,3.52,3.75,20.23,-94.32,114.54,159.75,16.6,1.05,0.97,1.14,1.22,600,15.41,3.9,0.471,94.4,0.1969999999999999,85.2,0.108,90.6,0.1369999999999999,81.1,0.077,86.6,0.01,83.4,,,0.0069999999999999,,54.7,66.8,27.0,31.0,9.3,4.3,,0.51,1.48,1.09,0.99,0.53,1.99,,0.325,0.6809999999999999,0.482,0.583,0.8340000000000001,0.7390000000000001,0.44,0.633,0.126,103,188,85,74,83,88,0.2689999999999999,0.0819999999999999,3.7,5.14,-0.51,0.34,,0.108,0.009,,0.13,0.196,0.0819999999999999,0.0559999999999999,,0.078,,,,94.1,,90.6,83.3,,95.2,85.1,80.3,82.3,,86.5,,,-1.5,,1.8,-6.9,,-2.8,2.4,-3.6,5.2,,0.1,,,10.2,,5.4,2.9,,6.2,1.4,-3.3,-8.1,,4.1,,,54.7,,25.9,4.4,,6.1,71.4,24.9,6.6,,11.9,,,0.7,,1.05,2.05,,0.2,1.59,1.32,0.51,,0.66,,,0.282,0.664,0.482,0.509,0.8270000000000001,0.738,0.523,24.3,32.2,8.7,-3.6,5.1,22 - 36,0.187,0.396,0.354,0.25,0.192,0.515,0.293,3.91,0.3779999999999999,0.076,,0.1369999999999999,0.347,0.108,0.011,,,0.125,0.1969999999999999,0.0,86.5,,81.1,94.1,90.7,83.7,,,95.3,85.1,90.0,0.3,,0.2,-1.5,2.3,-6.5,,,-2.3,2.6,-2.9,2.8,,-6.9,9.1,4.3,1.4,,,4.7,-0.1,2.8,10.6,,32.4,45.3,28.7,5.0,,,13.2,70.0,0.0,0.61,,1.03,0.57,1.16,2.09,,,0.46,1.55,0.23,0.286,0.655,0.482,0.511,0.826,0.738,0.529,24.3,4.4,111,88,124,83,81,86,85,90,106,115,92,91,102,102,86,100,100,100,116,100,91,87.2,12.4,238,0.063,118.4,1313,0.346,3800,0.173,0.299,
1,1,1,1,1,1,1,30,2021,SFG,29,107,55,3.25,761,162,2,2,56,28,1455.0,6002,1254,594,525,151,416,20,63,44,7,1425,1837,1381,812,126,7755,15104,22859,804,145,65,9,8.81,2.57,3.43,7.76,0.93,0.227,1.15,0.279,0.7490000000000001,3.55,1.33,0.201,0.456,0.3429999999999999,0.091,0.109,0.079,0.138,159.0,828.3,52.9,619.0,211.9,22.0,$176.0,3.7,3.87,16.58,-98.77,115.35,121.51,12.28,1.03,0.96,1.16,1.23,599,15.76,0.33,0.51,92.7,0.235,83.0,0.0409999999999999,88.0,0.035,77.8,0.127,84.5,0.051,83.7,,,0.003,,98.5,42.0,-7.8,-5.0,-3.0,13.7,,0.84,0.78,-0.83,-0.62,-0.1,1.18,,0.3229999999999999,0.6940000000000001,0.488,0.61,0.852,0.763,0.4429999999999999,0.634,0.1159999999999999,108,189,83,79,87,91,0.237,0.069,3.86,4.97,-0.3,0.359,,0.013,0.049,,0.151,0.262,0.0279999999999999,0.009,,0.129,,,,93.0,,89.5,83.7,,92.1,83.4,75.9,83.0,,84.5,,,-1.5,,1.0,-7.7,,-0.7,1.7,1.8,3.0,,0.4,,,7.9,,3.5,1.7,,4.6,1.3,-5.8,-3.3,,2.4,,,64.5,,-0.5,17.9,,48.3,36.3,-2.8,-1.5,,-3.0,,,0.78,,-0.16,1.61,,1.4,0.61,-0.44,-0.73,,-0.1,,,0.284,0.6679999999999999,0.488,0.541,0.8440000000000001,0.7609999999999999,0.53,23.2,28.0,2.8,3.3,6.0,21 - 37,0.168,0.382,0.345,0.2739999999999999,0.1669999999999999,0.534,0.299,4.14,0.332,0.125,,0.067,0.327,0.022,0.053,,,0.176,0.23,,84.6,,79.9,93.7,93.1,83.8,,,90.8,83.6,,0.6,,4.1,-1.4,-0.1,-7.0,,,-0.8,1.4,,1.0,,-4.8,8.2,4.0,0.4,,,1.8,0.5,,0.9,,10.0,63.3,1.0,13.6,,,47.5,22.3,,0.03,,0.65,0.85,0.21,1.13,,,1.18,0.42,,0.291,0.659,0.488,0.546,0.8440000000000001,0.7609999999999999,0.534,23.2,5.5,98,76,130,94,76,95,89,97,104,102,78,97,105,96,80,96,98,109,100,104,93,88.6,10.8,262,0.064,115.7,1586,0.387,4098,0.17,0.286,
2,2,2,2,2,2,2,23,2021,MIL,29,95,67,3.5,695,162,2,1,44,27,1436.0,5989,1156,623,558,168,537,19,77,60,9,1618,1642,1263,785,113,8754,15213,23967,738,125,66,12,10.14,3.37,3.01,7.25,1.05,0.215,1.18,0.275,0.747,3.72,1.3,0.213,0.445,0.342,0.089,0.133,0.076,0.182,187.5,845.8,29.0,583.2,216.5,23.4,$187.2,4.04,3.75,16.91,-93.51,110.42,118.53,11.91,1.0,0.93,1.07,1.13,533,14.87,2.05,0.505,93.3,0.166,83.6,0.0819999999999999,93.2,0.092,79.9,0.152,85.9,0.002,86.0,0.001,60.1,0.002,,54.0,20.9,21.3,13.8,18.0,-2.4,-1.7,0.45,0.52,1.08,0.62,0.5,-6.56,-14.57,0.314,0.6779999999999999,0.4639999999999999,0.6,0.826,0.736,0.41,0.604,0.123,77,161,83,83,87,88,0.27,0.09,3.77,4.63,-0.22,0.325,,0.084,0.001,,0.177,0.153,0.098,0.01,,0.153,,0.001,,93.4,,93.0,84.1,,93.2,83.8,80.0,77.1,,85.9,,60.0,-1.5,,2.0,-5.6,,-4.3,2.6,2.0,-2.2,,-3.6,,1.0,9.3,,6.6,3.5,,5.2,0.9,-4.3,-6.4,,2.7,,6.8,52.0,,22.2,-3.4,,14.5,33.2,5.6,-0.4,,27.1,,-1.7,0.67,,1.11,-13.13,,0.34,0.91,0.24,-0.17,,0.74,,-14.55,0.271,0.657,0.4639999999999999,0.524,0.8220000000000001,0.735,0.5,23.7,26.6,3.9,-0.8,3.2,23 - 38,0.18,0.39,0.366,0.244,0.18,0.515,0.306,3.99,0.3879999999999999,0.152,,0.0969999999999999,0.34,0.083,0.001,0.001,,0.165,0.162,0.0,85.8,,79.9,93.2,93.0,83.8,60.1,,93.4,83.7,88.3,-3.6,,1.9,-1.2,2.1,-2.9,2.4,,-4.8,2.9,3.7,1.2,,-6.7,8.1,5.4,0.7,5.7,,3.9,-0.6,2.1,25.8,,17.3,45.3,22.1,-2.2,-1.7,,21.4,21.1,0.1,0.71,,0.75,0.56,1.11,-12.93,-14.55,,0.54,0.54,0.79,0.275,0.6509999999999999,0.4639999999999999,0.5329999999999999,0.8190000000000001,0.735,0.502,23.7,12.5,113,99,114,88,86,90,91,96,103,116,101,102,102,96,97,98,104,98,108,100,95,87.7,11.5,252,0.067,115.9,1346,0.358,3757,0.1669999999999999,0.289,
3,3,3,3,3,3,3,12,2021,TBR,29,100,62,3.67,693,162,1,0,42,22,1455.2,5998,1264,651,594,184,436,27,55,64,6,1478,1654,1500,829,165,7902,15268,23170,857,106,45,14,9.14,2.7,3.39,7.81,1.14,0.23,1.17,0.281,0.737,3.79,1.1,0.208,0.415,0.377,0.11,0.123,0.064,0.311,106.8,750.8,76.1,696.7,182.9,18.9,$151.3,3.83,3.97,10.31,-100.0,110.31,69.83,7.75,0.99,0.96,1.13,1.21,531,9.96,0.42,0.432,93.6,0.272,84.0,0.119,85.7,0.066,77.8,0.102,83.3,0.009,87.5,,,0.004,,72.6,46.8,-8.1,12.4,-6.6,-5.0,,0.73,0.74,-0.29,0.81,-0.28,-2.32,,0.347,0.691,0.493,0.62,0.838,0.75,0.424,0.632,0.123,85,182,95,89,92,93,0.246,0.073,3.84,5.3,-0.12,0.304,,0.124,,,0.125,0.245,0.085,0.002,0.001,0.111,0.0,,,94.5,,85.7,,,92.1,85.0,76.0,84.0,48.2,83.6,82.3,,-0.7,,0.3,,,1.5,2.6,-4.5,2.9,3.1,2.4,-5.9,,10.4,,4.4,,,4.5,0.6,-4.3,-5.6,9.2,4.6,-1.1,,66.1,,-3.6,,,18.5,36.1,25.3,1.8,-0.7,-10.3,0.1,,0.94,,-0.13,,,0.64,0.64,1.29,4.83,-3.28,-0.4,12.0,,0.3,0.6779999999999999,0.493,0.5489999999999999,0.833,0.748,0.511,23.5,21.1,3.7,-1.5,2.2,21 - 41,0.174,0.3929999999999999,0.3429999999999999,0.263,0.162,0.519,0.318,4.07,0.35,0.111,0.0,0.067,0.326,0.126,0.0,,0.0,0.0969999999999999,0.272,0.0,83.9,66.8,77.6,94.1,86.6,85.8,,83.1,93.0,84.4,86.8,2.3,-11.1,-3.9,0.2,0.3,-2.1,,-5.7,-0.3,2.1,-3.0,2.7,-11.5,-8.3,8.8,3.4,-0.2,,-2.8,1.8,-0.9,-0.8,-9.7,0.0,17.9,61.8,-4.2,0.4,,0.1,14.3,51.3,0.0,-0.38,-2.85,1.15,0.82,-0.14,12.27,,12.0,0.63,0.81,0.28,0.303,0.669,0.493,0.55,0.831,0.748,0.521,23.5,5.1,103,83,123,93,89,94,90,96,102,107,85,102,98,101,91,98,99,105,99,101,99,88.5,13.6,341,0.085,118.6,1491,0.37,4029,0.1639999999999999,0.288,
4,4,4,4,4,4,4,4,2021,CHW,28,93,69,3.73,674,162,4,3,43,25,1403.1,5861,1205,636,581,182,485,16,51,84,6,1588,1521,1426,748,161,8663,15050,23713,796,116,35,13,10.18,3.11,3.27,7.73,1.17,0.226,1.2,0.288,0.7440000000000001,3.74,1.07,0.2019999999999999,0.412,0.386,0.113,0.128,0.076,0.371,185.2,853.0,78.0,544.5,263.1,27.6,$220.7,3.91,3.85,7.7,-96.63,104.33,90.08,8.85,0.98,0.92,1.06,1.12,512,9.55,-1.7,0.539,94.7,0.21,85.8,0.052,86.0,0.066,82.3,0.126,82.6,0.006,86.8,0.0,61.0,0.002,,57.0,44.7,-4.5,-2.7,-2.8,0.0,0.5,0.45,0.9,-0.36,-0.17,-0.09,0.01,4.7,0.319,0.7040000000000001,0.48,0.5820000000000001,0.821,0.728,0.417,0.594,0.13,86,128,89,86,84,90,0.271,0.083,3.73,5.1,-0.01,0.4379999999999999,,0.077,,,0.098,0.187,0.039,0.026,0.0,0.133,,0.001,,95.4,,87.0,,,91.0,85.3,83.1,81.3,40.8,82.7,,61.0,-2.8,,0.4,,,4.3,0.0,1.9,3.1,9.8,-1.4,,-2.3,10.2,,3.1,,,2.9,0.8,-4.0,-8.5,6.7,5.8,,8.0,70.2,,-1.6,,,1.5,48.5,-4.8,3.5,-0.7,-1.0,,0.7,0.68,,-0.09,,,0.06,1.1,-0.53,0.57,-22.63,-0.03,,6.14,0.281,0.679,0.48,0.514,0.816,0.728,0.501,24.0,26.0,1.6,-3.2,-1.6,22 - 34,0.188,0.405,0.337,0.258,0.176,0.51,0.314,3.89,0.385,0.132,,0.06,0.44,0.081,0.001,,,0.099,0.188,0.0,82.8,,82.4,95.5,87.0,85.9,,,91.1,85.3,92.3,-1.2,,2.7,-2.5,0.7,-6.5,,,4.0,0.2,15.3,4.3,,-7.5,9.1,1.8,2.7,,,1.5,-1.0,17.3,0.9,,-1.0,71.8,3.2,-0.2,,,0.7,42.2,0.1,0.03,,-0.07,0.69,0.17,-1.01,,,0.03,0.95,3.35,0.286,0.669,0.48,0.516,0.816,0.728,0.506,24.0,-13.3,115,95,120,91,91,93,92,99,103,118,97,99,97,104,95,101,97,103,107,99,98,88.8,14.0,286,0.077,117.4,1431,0.3829999999999999,3737,0.153,0.284,
5,5,5,5,5,5,5,9,2021,NYY,28,92,70,3.76,674,162,3,2,47,26,1435.1,5999,1243,669,600,196,492,10,56,85,8,1569,1611,1522,716,178,8455,15307,23762,711,126,30,9,9.84,3.08,3.19,7.79,1.23,0.228,1.21,0.284,0.74,3.9,1.06,0.186,0.419,0.395,0.1169999999999999,0.129,0.078,0.3,138.6,826.3,70.3,600.4,208.8,21.7,$173.3,3.85,4.0,9.29,-107.93,117.22,73.65,7.16,1.06,1.01,1.25,1.37,512,8.79,-0.02,0.476,94.7,0.152,85.3,0.069,88.1,0.162,81.4,0.134,86.5,0.006,87.6,,,0.002,,-0.9,13.1,8.5,14.3,34.4,2.6,,-0.01,0.36,0.51,0.37,1.08,1.7,,0.3379999999999999,0.695,0.485,0.61,0.8190000000000001,0.733,0.411,0.62,0.129,80,188,86,88,90,93,0.262,0.0819999999999999,3.81,4.46,-0.14,0.315,,0.084,0.0069999999999999,,0.16,0.147,0.133,0.022,,0.133,,,,94.8,,87.5,87.4,,94.5,84.8,81.3,83.3,,86.4,,,-1.9,,-1.1,-0.3,,-3.6,-0.1,2.8,5.6,,-2.3,,,10.2,,4.6,-0.3,,6.0,1.2,-2.5,-6.4,,5.5,,,3.0,,13.3,3.1,,12.8,20.5,15.6,-4.0,,40.3,,,0.04,,0.67,1.97,,0.34,0.59,0.5,-0.77,,1.29,,,0.293,0.6779999999999999,0.484,0.544,0.816,0.733,0.497,24.1,21.7,2.3,-2.2,0.1,22 - 38,0.18,0.409,0.342,0.25,0.192,0.505,0.304,4.0,0.376,0.132,,0.127,0.318,0.091,0.0069999999999999,,,0.157,0.168,0.0,86.5,,81.4,94.9,87.7,87.5,,,94.6,84.6,89.0,-2.2,,2.0,-1.7,-1.1,-0.3,,,-3.5,1.8,3.8,4.0,,-5.6,9.1,3.2,-1.9,,,4.6,-0.4,1.2,40.3,,4.8,8.0,12.3,3.3,,,8.2,28.2,-0.1,1.29,,0.16,0.11,0.57,2.14,,,0.22,0.71,-1.12,0.297,0.669,0.484,0.5429999999999999,0.816,0.733,0.504,24.1,3.0,111,95,117,92,96,94,93,97,103,113,96,91,99,106,96,102,98,99,117,98,94,87.8,13.8,299,0.077,117.2,1405,0.362,3882,0.158,0.287,
6,6,6,6,6,6,6,21,2021,HOU,28,95,67,3.8,674,162,2,0,34,27,1445.0,6060,1231,658,610,187,549,12,70,72,4,1456,1761,1379,803,145,8912,15005,23917,863,104,42,10,9.07,3.42,2.65,7.67,1.16,0.226,1.23,0.275,0.7509999999999999,4.12,1.28,0.204,0.447,0.35,0.105,0.136,0.059,0.238,130.7,878.4,34.4,558.2,165.1,16.9,$134.9,4.33,4.12,7.33,-100.49,107.82,69.54,6.92,0.98,0.91,1.09,1.16,512,7.63,-0.12,0.492,92.9,0.185,83.7,0.063,88.2,0.14,78.8,0.11,85.5,0.011,88.0,,,0.002,,16.1,27.3,2.5,17.1,5.6,3.2,,0.14,0.62,0.17,0.51,0.21,1.26,,0.305,0.6779999999999999,0.4579999999999999,0.597,0.848,0.7490000000000001,0.411,0.5770000000000001,0.115,68,119,89,88,97,96,0.24,0.091,4.11,5.38,-0.32,0.362,,0.0579999999999999,0.0279999999999999,,0.13,0.185,0.103,0.0409999999999999,0.0,0.093,,,,93.0,,87.8,86.0,,92.7,83.9,77.4,82.4,52.2,85.6,,,-3.8,,1.3,-6.5,,-1.4,3.6,1.6,5.9,1.6,-6.5,,,9.8,,4.8,3.4,,3.6,1.5,-6.6,-6.6,11.0,3.4,,,23.8,,4.1,-2.2,,0.1,30.1,13.5,9.9,0.1,13.8,,,0.27,,0.3,-0.33,,0.0,0.68,0.55,1.01,4.48,0.62,,,0.271,0.649,0.4579999999999999,0.529,0.841,0.748,0.496,24.3,23.5,5.3,1.3,6.6,24 - 37,0.15,0.3939999999999999,0.353,0.252,0.163,0.537,0.3,4.36,0.362,0.093,0.0,0.142,0.345,0.049,0.0279999999999999,,,0.154,0.187,0.0,85.7,61.9,79.0,93.2,87.1,86.0,,,92.8,83.9,88.1,-6.2,5.6,3.0,-3.2,1.4,-6.4,,,-2.2,4.1,-3.9,1.8,-5.7,-8.4,8.6,2.8,2.0,,,3.2,0.1,6.9,11.8,-0.3,24.0,23.2,8.4,-2.2,,,1.6,26.2,0.0,0.53,-3.22,0.7,0.28,0.72,-0.33,,,0.04,0.58,0.06,0.275,0.642,0.4579999999999999,0.529,0.8420000000000001,0.748,0.499,24.3,0.8,103,105,97,91,91,93,95,94,104,104,107,99,106,94,101,98,102,101,100,104,93,88.8,11.7,291,0.073,119.6,1508,0.3779999999999999,3985,0.168,0.282,
7,7,7,7,7,7,7,16,2021,ATL,29,88,73,3.89,742,161,2,2,40,25,1410.2,5944,1237,656,610,183,516,34,66,73,8,1417,1685,1351,820,116,8315,14914,23229,790,104,87,24,9.04,3.29,2.75,7.89,1.17,0.231,1.24,0.28,0.7440000000000001,4.09,1.25,0.213,0.437,0.35,0.086,0.135,0.062,0.276,116.1,834.2,33.1,569.7,149.3,15.5,$124.2,4.53,4.09,7.46,-103.59,111.04,74.78,7.4,1.04,0.94,1.12,1.18,581,9.11,-1.92,0.493,94.2,0.181,85.5,0.0559999999999999,87.7,0.1889999999999999,78.8,0.069,86.8,0.011,87.2,,,0.005,,4.7,33.9,2.6,14.8,7.2,-2.1,,0.04,0.81,0.2,0.34,0.45,-0.78,,0.318,0.691,0.476,0.585,0.851,0.748,0.423,0.604,0.12,112,171,92,91,98,96,0.238,0.087,4.09,5.04,-0.19,0.397,,0.081,0.0069999999999999,,0.095,0.157,0.1889999999999999,,,0.074,,,,94.3,,87.9,87.2,,93.6,85.1,78.7,,,86.8,,,-1.0,,0.1,-4.3,,-6.9,-0.8,2.1,,,-5.8,,,9.4,,4.3,1.1,,5.1,-0.4,-4.7,,,5.1,,,15.9,,8.0,0.4,,-0.6,32.8,18.3,,,6.5,,,0.17,,0.42,0.21,,-0.03,0.9,0.42,,,0.38,,,0.278,0.667,0.476,0.503,0.846,0.747,0.509,23.0,22.4,2.4,4.5,6.9,22 - 37,0.152,0.4039999999999999,0.354,0.242,0.1639999999999999,0.52,0.316,4.33,0.356,0.063,,0.193,0.405,0.046,0.018,,,0.087,0.187,0.0,86.8,,78.8,94.3,87.7,87.0,,,93.5,85.7,93.8,-5.2,,2.1,-1.1,1.4,-6.9,,,-6.8,-1.1,-3.0,4.1,,-6.4,8.2,4.9,0.4,,,3.4,-1.3,8.0,8.2,,18.1,16.6,1.4,-1.5,,,-1.8,36.0,-0.1,0.57,,0.4,0.18,0.13,-0.35,,,-0.09,0.83,-5.06,0.285,0.657,0.476,0.508,0.847,0.748,0.512,23.0,-0.4,101,97,104,96,95,97,96,97,103,102,98,102,100,98,99,102,100,97,99,101,98,89.0,11.1,307,0.078,119.2,1515,0.384,3945,0.161,0.281,
8,8,8,8,8,8,8,25,2021,NYM,29,77,85,3.9,705,162,2,1,41,27,1379.1,5785,1221,668,597,190,475,21,70,53,1,1453,1577,1363,770,127,7902,14503,22405,636,118,72,16,9.48,3.1,3.06,7.97,1.24,0.233,1.23,0.287,0.732,4.04,1.16,0.208,0.425,0.367,0.093,0.139,0.075,0.222,109.9,781.1,40.9,586.8,150.8,16.3,$130.5,4.02,3.99,3.43,-103.35,106.78,-16.64,-1.32,1.02,0.95,1.12,1.19,543,2.94,0.43,0.5539999999999999,94.1,0.209,85.8,0.053,88.1,0.05,75.8,0.115,86.1,0.02,88.8,,,0.004,,40.6,23.9,-6.3,-2.0,-3.9,-4.7,,0.33,0.51,-0.53,-0.18,-0.15,-1.05,,0.321,0.69,0.479,0.598,0.8370000000000001,0.746,0.429,0.619,0.122,72,138,91,99,98,94,0.251,0.0819999999999999,3.9,4.15,-0.14,0.3379999999999999,,0.051,0.038,,0.215,0.205,0.061,0.0,,0.088,,,,94.5,,88.1,87.7,,93.4,86.2,76.1,80.8,,86.8,,,-3.8,,1.4,-7.8,,-3.8,2.0,-1.1,5.6,,-4.7,,,9.3,,2.8,2.6,,4.4,1.8,-5.6,0.9,,3.7,,,24.8,,3.5,-0.4,,27.7,16.7,2.0,0.1,,-7.3,,,0.33,,0.31,-0.04,,0.58,0.36,0.15,1.1,,-0.37,,,0.2769999999999999,0.6709999999999999,0.479,0.536,0.826,0.745,0.514,23.2,14.1,0.6,-2.8,-2.2,24 - 41,0.1689999999999999,0.382,0.358,0.26,0.16,0.517,0.3229999999999999,4.12,0.366,0.1159999999999999,,0.054,0.34,0.035,0.019,,,0.215,0.222,,86.0,,75.2,94.5,88.2,89.3,,,93.5,86.4,,-4.6,,-2.1,-3.3,0.4,-7.6,,,-3.8,2.7,,1.5,,-7.7,8.3,1.6,2.6,,,3.2,0.6,,-0.5,,2.8,20.4,8.5,-2.4,,,27.5,13.3,,-0.02,,0.23,0.27,1.09,-0.57,,,0.57,0.27,,0.282,0.6609999999999999,0.479,0.534,0.828,0.745,0.52,23.2,2.2,106,91,114,97,101,98,95,100,101,108,93,100,98,103,102,96,102,104,96,101,101,88.8,12.3,302,0.08,117.9,1456,0.384,3787,0.1639999999999999,0.286,
9,9,9,9,9,9,9,14,2021,TOR,29,91,71,3.91,698,162,1,1,34,18,1405.1,5916,1257,663,610,209,473,10,75,54,4,1468,1668,1443,767,157,8506,15043,23549,846,128,22,8,9.4,3.03,3.1,8.05,1.34,0.234,1.23,0.284,0.755,4.18,1.16,0.198,0.43,0.372,0.109,0.145,0.077,0.364,125.5,833.3,13.4,562.0,138.8,14.5,$116.2,4.47,4.06,8.04,-94.12,102.16,94.26,9.02,0.92,0.88,0.98,1.01,536,8.39,0.31,0.5479999999999999,93.8,0.173,85.7,0.0559999999999999,87.6,0.103,79.3,0.113,83.4,0.0069999999999999,86.9,,,0.002,,21.4,17.4,2.8,-16.1,4.7,-3.8,,0.17,0.43,0.21,-0.66,0.18,-2.4,,0.317,0.691,0.473,0.625,0.8420000000000001,0.757,0.417,0.6,0.115,58,129,79,87,98,95,0.248,0.08,3.92,5.42,-0.28,0.354,,0.0579999999999999,0.003,,0.193,0.177,0.077,0.021,,0.1159999999999999,,,,93.6,,87.6,86.8,,93.9,85.6,78.7,80.1,,83.5,,,0.4,,1.0,-6.1,,0.9,2.1,-0.4,1.9,,2.5,,,9.5,,4.2,5.1,,6.0,1.9,-5.2,-3.7,,4.2,,,5.6,,8.5,-0.2,,27.5,10.2,-9.7,-2.0,,2.3,,,0.07,,0.62,-0.34,,0.6,0.25,-0.54,-0.4,,0.08,,,0.278,0.6609999999999999,0.473,0.551,0.8370000000000001,0.755,0.508,23.8,22.6,2.3,5.8,8.1,23 - 37,0.168,0.4039999999999999,0.345,0.251,0.166,0.526,0.309,4.13,0.363,0.111,,0.104,0.355,0.05,0.008,,,0.193,0.179,0.0,83.3,,79.1,93.5,87.5,86.0,,,93.8,85.7,87.5,2.7,,0.7,0.3,0.8,-6.3,,,0.9,1.9,-2.0,2.6,,-6.5,8.3,3.2,2.7,,,4.7,0.5,3.9,5.8,,-14.0,3.4,9.0,-0.9,,,26.3,13.1,-0.4,0.22,,-0.57,0.04,0.77,-0.48,,,0.58,0.31,-6.18,0.283,0.655,0.473,0.556,0.8370000000000001,0.755,0.51,23.8,5.0,106,93,114,95,104,96,95,97,105,108,94,97,102,100,108,101,99,100,101,102,96,88.9,12.6,330,0.085,120.2,1528,0.392,3900,0.165,0.2789999999999999,
10,10,10,10,10,10,10,20,2021,MIA,27,67,95,3.96,757,162,1,0,33,24,1415.0,6027,1282,701,622,162,529,43,88,58,2,1381,1767,1353,841,125,8047,14944,22991,623,139,67,17,8.78,3.36,2.61,8.15,1.03,0.237,1.28,0.29,0.716,4.01,1.31,0.212,0.446,0.342,0.092,0.12,0.079,0.254,95.4,774.9,51.3,631.7,146.7,15.7,$125.2,4.23,4.21,-1.92,-109.82,107.9,-18.69,-1.46,1.02,0.92,1.05,1.09,595,1.97,-3.86,0.511,94.0,0.248,84.6,0.054,88.5,0.047,79.0,0.14,87.6,0.001,83.3,,,0.0069999999999999,,-12.1,11.7,18.1,-10.4,7.6,-1.6,,-0.1,0.21,1.46,-0.97,0.24,-6.9,,0.3229999999999999,0.691,0.481,0.62,0.847,0.76,0.431,0.606,0.115,71,149,101,97,96,99,0.2289999999999999,0.088,4.18,3.96,-0.06,0.318,,0.051,0.0,,0.19,0.235,0.062,0.003,,0.141,,,,93.7,,87.6,87.8,,94.5,84.9,80.2,79.2,,87.6,,,-1.1,,0.5,-4.4,,-5.0,0.9,2.2,3.0,,-4.0,,,8.7,,3.9,7.1,,4.5,1.3,-2.9,-7.3,,2.7,,,-29.7,,14.9,-1.5,,24.0,22.5,-9.3,-1.0,,12.6,,,-0.41,,1.29,-19.03,,0.55,0.42,-0.65,-1.44,,0.39,,,0.2789999999999999,0.67,0.482,0.55,0.841,0.759,0.518,23.4,14.5,-0.5,-0.7,-1.2,23 - 35,0.141,0.414,0.344,0.242,0.172,0.5,0.327,4.46,0.344,0.14,,0.05,0.33,0.0409999999999999,0.001,,,0.18,0.258,0.0,87.6,,79.3,93.8,88.3,83.2,,,94.5,84.9,85.5,-3.9,,3.0,-0.8,0.5,-3.4,,,-5.5,1.1,-2.0,1.2,,-6.3,7.5,2.8,1.2,,,2.9,0.0,5.6,8.7,,-10.0,-33.1,15.2,-1.5,,,30.9,21.8,0.0,0.27,,-0.88,-0.44,1.63,-6.73,,,0.75,0.37,0.26,0.285,0.659,0.482,0.552,0.841,0.76,0.525,23.4,1.7,98,99,98,99,84,99,99,101,99,98,99,102,102,96,87,104,98,97,104,98,102,88.3,10.8,300,0.074,117.2,1519,0.377,4029,0.1639999999999999,0.28,
11,11,11,11,11,11,11,28,2021,STL,29,90,72,4.0,718,162,3,1,50,21,1417.0,6046,1234,672,629,152,608,30,85,66,4,1225,1780,1409,882,125,8860,14559,23419,706,94,57,9,7.78,3.86,2.01,7.84,0.97,0.231,1.3,0.272,0.732,4.3,1.26,0.217,0.437,0.346,0.089,0.108,0.053,0.158,79.9,829.4,41.8,578.5,121.8,12.4,$99.3,4.54,4.66,7.73,-101.96,109.69,26.2,2.74,1.02,0.9,1.03,1.07,556,3.11,4.49,0.521,92.6,0.174,83.9,0.077,86.7,0.115,75.5,0.094,84.2,0.018,83.5,0.001,57.2,0.004,,40.0,29.6,1.8,-4.8,-4.5,-2.0,-0.3,0.33,0.73,0.1,-0.18,-0.2,-0.48,-1.33,0.293,0.679,0.451,0.6459999999999999,0.862,0.779,0.408,0.589,0.1,106,151,76,99,104,110,0.203,0.1009999999999999,4.67,4.48,-0.31,0.314,,0.086,0.003,,0.208,0.171,0.102,0.008,,0.11,,,,93.0,,86.4,88.7,,92.0,83.8,75.0,76.2,,83.7,,,-1.6,,1.1,-4.2,,-3.4,0.6,4.3,6.3,,-1.4,,,9.3,,4.5,2.3,,6.3,1.1,-7.4,-7.2,,5.0,,,5.2,,3.8,-0.1,,44.7,26.9,0.2,-0.1,,-2.2,,,0.07,,0.19,-0.21,,0.92,0.67,0.01,-0.05,,-0.09,,,0.253,0.6509999999999999,0.451,0.5710000000000001,0.858,0.777,0.498,23.7,17.4,5.4,-0.4,5.0,23 - 39,0.102,0.4,0.353,0.247,0.161,0.527,0.313,4.93,0.3279999999999999,0.109,,0.1119999999999999,0.332,0.076,0.003,,,0.1889999999999999,0.179,0.0,84.2,,75.5,93.4,86.5,88.9,,,91.9,84.4,95.5,-1.3,,4.6,-1.7,1.2,-3.8,,,-3.0,1.0,-7.5,3.6,,-9.1,8.1,3.4,1.0,,,4.7,-0.1,5.1,-1.4,,-4.8,5.2,5.5,-0.2,,,43.8,29.1,-0.1,-0.06,,-0.18,0.07,0.31,-0.42,,,0.99,0.69,-1.28,0.252,0.644,0.451,0.565,0.858,0.778,0.508,23.7,-7.9,87,113,76,95,79,97,100,95,101,87,113,104,100,97,79,101,100,99,97,103,97,88.6,11.9,291,0.07,117.1,1544,0.374,4128,0.1669999999999999,0.267,
12,12,12,12,12,12,12,10,2021,OAK,29,86,76,4.02,666,162,3,3,39,28,1433.0,6060,1362,687,640,191,439,11,64,63,2,1332,1681,1617,876,173,8104,14997,23101,743,93,48,16,8.37,2.76,3.03,8.55,1.2,0.245,1.26,0.29,0.737,4.1,1.04,0.21,0.4029999999999999,0.387,0.107,0.118,0.055,0.3329999999999999,131.0,892.6,9.1,535.5,140.1,14.4,$115.5,4.13,4.35,1.43,-106.06,107.49,27.81,2.82,0.98,0.92,1.01,1.05,504,2.5,-1.05,0.5720000000000001,92.8,0.168,83.1,0.05,87.6,0.044,76.5,0.135,84.0,0.031,87.3,,,0.002,,-5.4,1.8,3.6,3.4,24.7,9.3,,-0.04,0.05,0.31,0.34,0.79,1.29,,0.318,0.7020000000000001,0.482,0.6559999999999999,0.8440000000000001,0.773,0.428,0.62,0.109,71,124,79,98,99,102,0.22,0.072,4.19,4.67,-0.08,0.301,,0.048,0.03,,0.27,0.143,0.071,,,0.1369999999999999,,,,92.9,,88.4,87.4,,92.6,82.9,78.9,,,84.0,,,-1.2,,-0.3,-6.8,,-0.4,1.3,2.5,,,-0.6,,,9.4,,6.1,2.9,,6.6,2.3,-2.7,,,4.3,,,6.5,,5.0,11.1,,1.1,11.0,1.7,,,25.9,,,0.09,,0.45,1.59,,0.02,0.33,0.11,,,0.82,,,0.267,0.6779999999999999,0.482,0.586,0.84,0.773,0.524,23.8,15.6,0.6,0.6,1.2,23 - 38,0.147,0.373,0.371,0.257,0.1639999999999999,0.527,0.309,4.38,0.324,0.135,,0.046,0.301,0.057,0.031,,,0.27,0.158,,84.1,,76.8,93.2,87.7,87.4,,,92.7,83.1,,-0.5,,5.2,-1.0,0.7,-6.6,,,-0.4,1.1,,2.6,,-7.1,8.1,4.5,1.2,,,5.2,0.5,,26.9,,3.9,7.2,5.3,9.6,,,0.7,8.1,,0.86,,0.37,0.1,0.4,1.33,,,0.01,0.22,,0.271,0.6709999999999999,0.482,0.5870000000000001,0.84,0.773,0.529,23.8,9.0,95,84,112,101,94,101,97,100,102,95,85,102,95,104,88,93,107,102,100,102,96,88.9,14.6,335,0.079,116.2,1603,0.379,4225,0.165,0.2739999999999999,
13,13,13,13,13,13,13,29,2021,SDP,28,79,83,4.1,786,162,2,2,43,23,1430.0,6056,1277,708,651,205,516,33,87,57,2,1517,1662,1430,787,123,8707,15489,24196,729,106,56,17,9.55,3.25,2.94,8.04,1.29,0.234,1.25,0.287,0.736,4.18,1.16,0.203,0.428,0.369,0.086,0.143,0.064,0.304,98.2,738.4,33.1,681.1,131.4,13.5,$108.1,4.19,4.08,1.95,-103.24,105.18,-9.13,-0.94,0.96,0.89,1.0,1.03,624,-0.55,2.56,0.44,93.9,0.2019999999999999,85.5,0.1009999999999999,89.2,0.149,80.5,0.1009999999999999,85.0,0.0069999999999999,88.6,,,0.004,,-41.4,51.0,1.8,34.3,-15.2,-3.7,,-0.39,1.04,0.07,0.95,-0.62,-2.33,,0.305,0.679,0.465,0.598,0.846,0.753,0.427,0.596,0.115,81,166,95,102,99,96,0.25,0.085,3.93,4.59,-0.08,0.321,,0.126,0.006,,0.115,0.184,0.106,0.0409999999999999,,0.1009999999999999,,,,94.3,,88.7,88.7,,92.8,85.4,80.2,81.4,,84.9,,,-0.9,,0.8,-4.7,,-2.4,3.4,3.9,2.4,,-5.2,,,9.4,,3.9,4.0,,5.6,0.9,-6.2,-7.0,,3.3,,,-26.5,,2.7,-3.4,,-8.3,52.7,24.2,14.6,,-11.7,,,-0.34,,0.09,-2.16,,-0.3,1.18,0.94,1.46,,-0.48,,,0.272,0.647,0.465,0.525,0.8420000000000001,0.752,0.514,24.6,11.6,0.2,-2.1,-2.0,21 - 37,0.165,0.3879999999999999,0.357,0.255,0.1639999999999999,0.509,0.327,4.17,0.37,0.1,0.0,0.148,0.345,0.07,0.0069999999999999,,,0.091,0.239,0.0,84.9,68.1,80.5,94.4,90.8,88.3,,,92.3,85.6,87.1,-4.9,5.8,4.1,-0.6,0.8,-3.3,,,-2.7,3.5,-1.4,1.7,-9.6,-8.2,8.1,4.4,2.5,,,3.3,-0.4,2.9,-10.7,-0.7,35.3,-26.6,5.5,-3.6,,,-8.0,53.0,-0.2,-0.44,-16.68,0.99,-0.32,0.32,-2.17,,,-0.36,0.92,-2.9,0.2769999999999999,0.637,0.465,0.527,0.8420000000000001,0.752,0.522,24.6,-2.7,107,95,111,98,105,98,97,100,102,107,96,97,98,103,105,98,101,102,99,99,102,88.9,12.5,338,0.086,115.3,1538,0.391,3936,0.172,0.287,
14,14,14,14,14,14,14,3,2021,BOS,29,92,70,4.27,725,162,0,0,49,25,1419.0,6147,1409,749,674,176,546,31,79,63,6,1527,1749,1394,818,149,8629,15565,24194,829,160,34,7,9.68,3.46,2.8,8.94,1.12,0.255,1.38,0.323,0.7190000000000001,3.95,1.25,0.207,0.442,0.352,0.107,0.126,0.091,0.206,142.5,809.9,47.4,602.8,189.9,19.9,$159.4,4.4,4.07,5.56,-108.16,113.72,22.27,2.19,1.01,0.92,1.12,1.19,563,2.07,3.46,0.502,94.4,0.191,84.5,0.061,89.8,0.105,79.7,0.1,85.6,0.0409999999999999,89.1,,,0.005,,-12.5,1.2,-21.9,2.9,-15.1,4.6,,-0.1,0.03,-1.47,0.12,-0.63,0.46,,0.309,0.695,0.474,0.611,0.845,0.758,0.429,0.608,0.115,93,173,92,94,92,95,0.248,0.089,4.0,5.26,0.32,0.3939999999999999,,0.064,0.037,,0.106,0.184,0.0579999999999999,0.053,,0.105,,,,94.6,,89.7,89.1,,93.9,84.5,78.6,80.9,,85.7,,,-1.8,,0.1,-5.7,,-3.2,2.2,3.4,3.0,,0.7,,,8.5,,5.8,2.0,,5.0,0.4,-6.2,-8.4,,3.3,,,-10.7,,-22.3,4.4,,5.2,5.2,-4.2,7.8,,-8.4,,,-0.11,,-1.44,0.5,,0.2,0.12,-0.3,0.61,,-0.33,,,0.275,0.6629999999999999,0.474,0.546,0.841,0.758,0.514,23.8,17.2,-9.1,6.4,-2.7,22 - 35,0.16,0.401,0.347,0.253,0.175,0.517,0.309,4.24,0.366,0.104,,0.11,0.3989999999999999,0.064,0.037,,,0.103,0.183,0.0,85.8,,80.1,94.8,89.9,89.4,,,94.0,84.8,67.7,0.7,,3.7,-1.6,0.0,-5.3,,,-2.8,2.6,-4.0,1.8,,-9.1,7.3,4.5,0.5,,,3.7,-1.0,-5.5,-7.6,,5.8,-5.3,-23.7,4.8,,,1.1,2.7,0.0,-0.3,,0.22,-0.06,-1.52,0.54,,,0.04,0.06,-4.02,0.278,0.655,0.474,0.5489999999999999,0.8390000000000001,0.758,0.521,23.8,0.4,109,106,103,106,87,105,106,111,100,108,104,101,105,94,94,100,100,101,107,100,96,88.6,11.8,305,0.076,118.4,1572,0.3929999999999999,3995,0.168,0.283,
15,15,15,15,15,15,15,11,2021,SEA,28,90,72,4.3,746,162,1,0,51,32,1440.1,6106,1356,748,688,197,485,23,69,58,3,1328,1694,1623,865,177,8385,15474,23859,697,99,39,11,8.3,3.03,2.74,8.47,1.23,0.244,1.28,0.288,0.711,4.26,1.04,0.207,0.405,0.3879999999999999,0.109,0.121,0.0579999999999999,0.282,69.2,818.4,67.5,611.9,136.7,14.1,$112.7,4.27,4.47,6.22,-106.17,112.39,-35.2,-3.6,1.0,0.97,1.16,1.23,584,-1.07,7.27,0.504,93.0,0.183,83.6,0.109,89.0,0.0819999999999999,77.6,0.106,83.3,0.017,85.4,,,0.003,,38.0,-11.0,-6.2,0.7,-12.3,1.6,,0.32,-0.25,-0.24,0.03,-0.49,0.39,,0.327,0.7020000000000001,0.488,0.654,0.851,0.7759999999999999,0.429,0.626,0.109,99,183,88,104,102,104,0.217,0.079,4.28,4.36,0.04,0.364,,0.119,0.005,,0.14,0.1639999999999999,0.085,0.006,,0.1169999999999999,,,,93.6,,88.9,83.6,,91.4,83.4,78.0,74.8,,83.5,,,-1.9,,1.4,-5.8,,0.6,1.6,1.9,2.3,,0.8,,,9.8,,5.3,3.6,,6.0,1.3,-4.9,-4.7,,4.5,,,49.3,,0.6,0.5,,-0.3,-10.0,-1.3,0.3,,-6.9,,,0.57,,0.02,0.44,,-0.01,-0.26,-0.07,0.19,,-0.25,,,0.282,0.677,0.488,0.593,0.845,0.775,0.52,24.1,12.9,1.5,-2.7,-1.2,22 - 37,0.138,0.406,0.344,0.25,0.158,0.522,0.32,4.5,0.3289999999999999,0.1159999999999999,,0.0819999999999999,0.407,0.12,0.006,,0.0,0.0969999999999999,0.171,0.0,83.7,,77.7,93.2,89.0,83.2,,75.5,92.9,83.4,84.0,0.5,,2.1,-0.9,1.0,-4.0,,9.9,-2.4,1.9,0.5,3.0,,-6.9,8.7,3.9,2.4,,-1.5,2.9,-0.4,3.0,-5.2,,2.0,47.0,-1.4,0.2,,0.0,3.2,-12.0,-0.1,-0.19,,0.1,0.48,-0.05,0.15,,0.07,0.14,-0.29,-0.92,0.286,0.669,0.488,0.593,0.845,0.775,0.527,24.1,-4.8,94,93,101,100,96,100,98,99,99,94,93,101,96,104,90,101,99,100,97,101,100,89.5,14.2,354,0.084,116.5,1675,0.397,4224,0.159,0.2689999999999999,
16,16,16,16,16,16,16,6,2021,DET,28,77,85,4.32,739,162,2,1,42,22,1419.2,6164,1370,756,681,199,571,10,82,80,3,1259,1873,1507,832,155,8838,15076,23914,697,133,38,10,7.98,3.62,2.2,8.69,1.26,0.249,1.37,0.289,0.726,4.6,1.24,0.198,0.445,0.358,0.103,0.132,0.071,0.263,72.6,778.3,14.5,630.4,87.1,8.8,$70.8,4.7,4.65,4.51,-108.05,112.56,-14.72,-1.36,1.02,0.93,1.03,1.07,577,-3.22,7.66,0.541,94.2,0.2339999999999999,85.8,0.034,87.2,0.054,79.9,0.107,85.8,0.03,83.6,,,0.002,,-49.1,9.5,1.5,-5.6,-16.1,11.3,,-0.38,0.17,0.18,-0.44,-0.63,1.56,,0.302,0.693,0.469,0.6609999999999999,0.8540000000000001,0.7829999999999999,0.428,0.61,0.102,76,157,89,101,109,108,0.204,0.093,4.54,4.42,-0.28,0.291,,0.033,0.03,,0.248,0.246,0.019,0.026,,0.107,,,,94.0,,87.1,83.6,,94.3,85.8,78.0,79.3,,85.8,,,-1.2,,-0.8,-5.6,,-3.1,0.8,1.2,0.7,,-1.1,,,9.2,,5.3,2.7,,6.6,1.6,-6.4,-2.4,,4.4,,,-18.2,,4.8,11.4,,-19.4,13.5,-2.5,-5.3,,-10.7,,,-0.26,,0.61,1.57,,-0.33,0.23,-0.56,-0.86,,-0.42,,,0.257,0.6679999999999999,0.469,0.591,0.85,0.7809999999999999,0.516,22.8,12.5,1.0,2.7,3.7,23 - 34,0.1119999999999999,0.3979999999999999,0.347,0.255,0.154,0.502,0.344,4.81,0.3289999999999999,0.107,,0.043,0.312,0.048,0.03,,,0.22,0.241,,85.9,,79.5,94.1,88.5,83.8,,,94.6,85.7,,-1.2,,0.9,-1.2,-1.3,-5.6,,,-3.4,0.9,,3.0,,-7.6,8.1,4.2,1.2,,,5.1,0.4,,-10.8,,-1.4,-23.9,7.6,11.4,,,-14.3,5.8,,-0.42,,-0.14,-0.32,0.66,1.58,,,-0.27,0.1,,0.262,0.6609999999999999,0.469,0.589,0.852,0.7809999999999999,0.519,22.8,-13.0,90,111,81,103,98,102,105,99,101,89,109,96,105,96,98,99,100,101,94,97,107,89.6,12.3,369,0.087,118.8,1730,0.407,4252,0.159,0.261,
17,17,17,17,17,17,17,5,2021,CLE,27,80,82,4.34,697,162,0,0,39,19,1408.0,5968,1281,727,679,216,522,12,59,52,8,1391,1687,1465,808,137,8575,14884,23459,717,83,33,7,8.89,3.34,2.66,8.19,1.38,0.238,1.28,0.282,0.728,4.43,1.15,0.204,0.426,0.37,0.094,0.147,0.049,0.212,71.7,817.2,32.9,581.0,104.5,10.7,$85.9,4.66,4.27,3.71,-100.12,103.83,5.34,0.4,0.96,0.88,0.98,1.01,535,3.28,0.57,0.476,93.7,0.209,85.4,0.09,90.6,0.1169999999999999,80.4,0.086,83.9,0.022,82.8,,,0.001,,-51.0,32.0,18.8,14.8,-8.4,-3.7,,-0.46,0.65,0.9,0.54,-0.42,-0.72,,0.315,0.6970000000000001,0.474,0.618,0.845,0.7559999999999999,0.416,0.609,0.115,65,139,67,100,103,100,0.233,0.087,4.18,4.58,-0.09,0.353,,0.121,0.027,,0.091,0.212,0.092,0.021,,0.0819999999999999,,,,93.1,,93.0,83.3,,93.6,85.3,79.6,83.1,,83.7,,,-3.0,,1.6,-5.5,,-6.4,1.8,1.8,4.5,,-5.9,,,9.7,,4.7,2.8,,6.2,2.0,-5.8,-7.3,,4.4,,,-53.3,,35.0,-4.6,,1.1,33.4,18.5,-2.1,,-3.4,,,-0.64,,1.23,-0.74,,0.05,0.67,0.85,-0.43,,-0.18,,,0.2769999999999999,0.6729999999999999,0.474,0.56,0.8370000000000001,0.7559999999999999,0.498,23.9,14.0,3.0,0.2,3.2,23 - 39,0.146,0.4039999999999999,0.35,0.246,0.1639999999999999,0.504,0.332,4.41,0.357,0.083,,0.113,0.408,0.105,0.026,,,0.079,0.186,0.0,83.9,,80.4,93.9,89.7,83.5,,,93.6,85.0,88.0,-5.9,,2.5,-2.5,2.2,-5.5,,,-6.5,2.2,-0.7,3.1,,-7.8,8.2,2.6,1.4,,,4.4,0.4,3.1,-4.1,,16.5,-40.5,33.6,-4.4,,,1.6,22.7,-0.1,-0.21,,0.62,-0.42,1.37,-0.73,,,0.09,0.52,-0.76,0.283,0.662,0.474,0.5579999999999999,0.838,0.755,0.505,23.9,2.3,101,102,98,97,108,98,98,97,101,101,103,100,101,99,110,100,101,98,101,98,103,89.2,12.4,353,0.088,120.1,1603,0.401,3996,0.158,0.2739999999999999,
18,18,18,18,18,18,18,26,2021,PHI,28,82,80,4.39,687,162,5,4,36,34,1418.2,6055,1321,745,692,200,509,37,75,49,5,1480,1789,1365,783,163,8409,15330,23739,734,131,54,9,9.39,3.23,2.91,8.38,1.27,0.241,1.29,0.296,0.7140000000000001,4.15,1.31,0.1989999999999999,0.4539999999999999,0.347,0.119,0.147,0.073,0.1669999999999999,151.9,838.8,7.1,569.6,159.0,17.3,$138.6,4.33,4.02,0.4,-110.15,110.55,-21.06,-1.94,1.02,0.94,1.05,1.11,525,2.49,-2.1,0.595,94.2,0.107,87.5,0.048,88.0,0.092,79.6,0.132,85.1,0.025,84.4,,,0.006,,6.4,5.2,-0.8,-5.0,-6.5,5.9,,0.05,0.2,-0.07,-0.23,-0.21,0.99,,0.32,0.7020000000000001,0.481,0.653,0.8340000000000001,0.764,0.42,0.619,0.114,68,139,97,104,96,94,0.244,0.084,3.97,4.66,0.24,0.372,,0.04,0.025,,0.222,0.11,0.037,0.06,,0.134,,,,94.0,,89.3,84.2,,94.5,87.1,80.1,79.4,,85.1,,,-3.6,,0.5,-5.6,,-3.3,0.9,4.1,4.9,,-4.6,,,9.2,,5.4,1.6,,6.1,2.6,-4.9,-5.8,,4.3,,,-9.6,,13.5,6.0,,28.5,-4.6,-1.6,-2.0,,-3.7,,,-0.11,,1.41,1.02,,0.54,-0.18,-0.18,-0.14,,-0.12,,,0.272,0.674,0.481,0.583,0.831,0.764,0.52,24.1,12.8,-2.4,-2.1,-4.5,22 - 36,0.16,0.397,0.363,0.24,0.19,0.508,0.301,4.23,0.362,0.13,,0.093,0.376,0.035,0.027,,,0.2189999999999999,0.119,,85.1,,79.7,94.1,88.6,84.9,,,94.7,87.5,,-4.3,,5.2,-3.3,1.3,-5.4,,,-3.1,1.4,,2.7,,-7.4,8.1,4.4,0.2,,,4.6,1.2,,0.0,,-5.6,-9.7,6.9,4.1,,,30.5,0.7,,0.0,,-0.25,-0.11,0.82,0.62,,,0.59,0.02,,0.278,0.665,0.481,0.583,0.8320000000000001,0.764,0.524,24.1,6.2,105,95,110,102,103,101,100,103,99,105,95,95,104,97,107,100,103,96,115,99,94,87.7,11.6,274,0.069,119.6,1468,0.368,3991,0.162,0.275,
19,19,19,19,19,19,19,18,2021,CIN,28,83,79,4.41,741,162,1,1,41,25,1434.1,6199,1330,760,703,206,617,30,64,62,8,1524,1732,1389,798,143,9174,15374,24548,786,108,73,21,9.56,3.87,2.47,8.35,1.29,0.241,1.36,0.297,0.726,4.34,1.25,0.204,0.442,0.354,0.103,0.148,0.062,0.288,138.0,861.9,25.2,563.1,163.2,16.9,$135.1,4.84,4.18,6.2,-106.48,112.68,6.73,0.82,1.0,0.91,1.08,1.14,579,1.78,4.43,0.474,94.2,0.228,84.8,0.075,86.3,0.078,79.9,0.124,85.4,0.021,86.4,0.001,70.0,0.005,,-54.7,21.9,4.7,-4.2,-3.5,5.2,-0.6,-0.47,0.39,0.25,-0.22,-0.12,1.0,-4.51,0.307,0.674,0.4539999999999999,0.611,0.8340000000000001,0.7440000000000001,0.401,0.594,0.1159999999999999,73,147,104,99,97,98,0.246,0.1,4.17,4.93,0.07,0.382,,0.075,0.021,,0.093,0.236,0.069,0.0,,0.124,,,,94.1,,86.3,86.4,,94.5,84.7,79.1,81.2,,85.3,,,-4.1,,-0.9,-8.7,,-8.3,2.2,6.0,-0.3,,-4.1,,,9.4,,3.8,5.0,,5.2,0.8,-5.4,-0.5,,2.7,,,-46.7,,7.6,7.3,,-1.5,21.1,3.8,0.5,,2.6,,,-0.5,,0.41,1.4,,-0.07,0.36,0.23,5.01,,0.09,,,0.266,0.6509999999999999,0.4539999999999999,0.5489999999999999,0.826,0.743,0.489,22.6,15.5,-2.6,1.3,-1.4,24 - 35,0.146,0.406,0.345,0.249,0.171,0.516,0.313,4.4,0.379,0.1169999999999999,0.001,0.063,0.3979999999999999,0.1119999999999999,0.0279999999999999,0.0,,0.076,0.203,0.0,85.5,76.2,79.2,94.3,86.6,86.3,70.8,,94.8,84.6,87.5,-3.7,7.9,6.8,-3.9,-0.4,-8.0,1.4,,-8.1,3.0,0.2,1.3,-9.9,-7.5,8.4,2.8,3.6,-2.0,,3.3,-1.1,0.7,1.6,-1.9,1.0,-43.3,0.4,7.6,-0.6,,-2.3,30.7,-0.2,0.06,-7.21,0.06,-0.44,0.02,1.08,-5.01,,-0.12,0.62,-1.99,0.2739999999999999,0.637,0.4539999999999999,0.552,0.826,0.743,0.496,22.6,1.4,107,114,94,101,105,101,105,103,100,105,112,98,102,99,108,102,98,100,103,100,97,88.0,11.7,283,0.071,118.2,1483,0.371,3994,0.1689999999999999,0.285,
20,20,20,20,20,20,20,7,2021,KCR,28,74,88,4.64,718,162,1,0,37,24,1417.1,6127,1375,788,731,189,591,16,62,86,9,1344,1731,1500,869,154,9174,15133,24307,686,132,28,6,8.53,3.75,2.27,8.73,1.2,0.251,1.39,0.301,0.703,4.39,1.15,0.212,0.422,0.366,0.103,0.126,0.076,0.214,88.4,793.3,35.7,615.4,124.1,12.7,$101.6,4.84,4.52,-2.74,-106.73,103.99,-36.23,-3.49,0.95,0.88,1.0,1.04,556,0.04,-2.91,0.52,94.0,0.265,85.1,0.017,88.9,0.096,79.9,0.102,84.7,,,,,0.002,,-19.0,7.4,1.2,-4.3,-21.6,,,-0.15,0.11,0.29,-0.18,-0.87,,,0.302,0.6759999999999999,0.456,0.616,0.857,0.764,0.414,0.573,0.108,81,129,90,104,104,106,0.2189999999999999,0.096,4.44,4.36,0.25,0.3879999999999999,,0.015,,,0.133,0.265,0.072,0.024,,0.103,,,,93.8,,88.7,,,94.3,85.1,79.6,80.7,,84.7,,,-0.1,,1.6,,,-5.7,1.5,2.1,-1.8,,3.3,,,9.1,,4.3,,,7.2,0.2,-6.8,-6.5,,5.4,,,-10.4,,-2.7,,,3.3,15.0,1.3,-5.2,,-21.0,,,-0.11,,-0.73,,,0.1,0.23,0.07,-0.88,,-0.84,,,0.262,0.654,0.457,0.54,0.853,0.763,0.496,23.6,12.9,-2.7,2.9,0.2,21 - 38,0.123,0.389,0.348,0.263,0.156,0.512,0.332,4.68,0.347,0.096,,0.0969999999999999,0.389,0.022,0.005,,,0.126,0.264,0.0,84.5,,80.0,94.0,89.4,86.6,,,94.1,85.1,87.1,4.0,,1.1,-0.1,0.5,-5.7,,,-5.8,1.8,1.0,4.0,,-8.4,8.1,4.2,4.9,,,5.8,-1.2,2.1,-18.5,,-1.7,0.0,-4.2,-0.4,,,-3.5,13.6,-0.1,-0.79,,-0.07,0.0,-0.78,-0.28,,,-0.11,0.21,-0.88,0.267,0.6459999999999999,0.457,0.5379999999999999,0.8540000000000001,0.762,0.501,23.6,-17.3,96,115,83,103,94,103,107,103,98,95,113,103,100,98,94,97,100,105,95,99,103,89.5,12.6,373,0.09,122.2,1679,0.407,4130,0.1639999999999999,0.272,
21,21,21,21,21,21,21,1,2021,LAA,28,77,85,4.69,724,162,1,0,39,25,1421.2,6196,1373,804,741,188,592,18,76,56,11,1453,1793,1393,846,132,9024,15391,24415,723,136,40,16,9.2,3.75,2.45,8.69,1.19,0.248,1.38,0.305,0.696,4.25,1.29,0.21,0.445,0.345,0.095,0.135,0.076,0.4,106.6,772.6,47.9,638.8,154.5,16.0,$128.0,4.62,4.26,-0.48,-104.06,103.58,-66.37,-6.68,0.93,0.87,1.04,1.08,562,-1.06,0.55,0.508,92.5,0.212,82.5,0.032,89.3,0.0819999999999999,79.0,0.144,85.0,0.023,86.8,,,0.003,,-59.4,16.2,-3.9,-14.7,15.6,14.2,,-0.48,0.31,-0.49,-0.74,0.45,2.51,,0.32,0.6729999999999999,0.462,0.621,0.835,0.746,0.402,0.589,0.1169999999999999,68,132,95,107,96,100,0.235,0.096,4.22,4.58,0.44,0.3229999999999999,,0.037,0.047,,0.177,0.191,0.091,0.011,,0.123,,,,92.9,,89.4,87.1,,91.8,82.8,78.5,83.0,,84.6,,,0.2,,0.3,-6.4,,-4.8,1.9,-0.8,2.2,,2.4,,,9.2,,5.4,2.4,,5.7,0.8,-4.5,-5.6,,4.3,,,-49.3,,3.5,20.5,,-4.7,15.1,-13.9,2.6,,15.2,,,-0.62,,0.4,1.78,,-0.11,0.32,-0.63,1.01,,0.5,,,0.28,0.65,0.462,0.563,0.8270000000000001,0.746,0.492,23.9,9.3,-3.8,-2.9,-6.7,21 - 36,0.139,0.416,0.347,0.237,0.163,0.523,0.314,4.49,0.36,0.111,,0.105,0.337,0.032,0.0559999999999999,,,0.171,0.188,,84.6,,79.1,92.9,89.3,86.6,,,91.7,82.9,,2.7,,-0.8,0.2,0.9,-6.1,,,-4.5,2.6,,2.8,,-6.1,8.1,3.6,1.2,,,4.2,-0.6,,19.1,,-9.1,-44.5,-1.9,15.9,,,-2.1,12.4,,0.71,,-0.36,-0.54,-0.25,1.17,,,-0.05,0.27,,0.282,0.643,0.462,0.556,0.83,0.746,0.498,23.9,3.9,104,115,90,103,93,102,106,105,97,102,112,102,105,93,100,104,100,94,100,102,98,88.1,11.5,301,0.074,116.4,1539,0.3779999999999999,4075,0.1669999999999999,0.284,
22,22,22,22,22,22,22,13,2021,TEX,28,60,102,4.8,669,162,0,0,31,18,1424.1,6103,1402,815,760,232,513,11,61,67,0,1239,1796,1561,877,143,8471,15115,23586,625,115,53,22,7.83,3.24,2.42,8.86,1.47,0.254,1.34,0.288,0.703,4.76,1.15,0.207,0.424,0.369,0.092,0.149,0.064,0.415,23.2,796.1,26.2,621.0,49.4,5.4,$42.9,5.05,4.57,-4.72,-102.81,98.09,-85.65,-8.47,0.9,0.85,0.95,0.98,507,-6.65,1.4,0.526,93.0,0.1989999999999999,83.5,0.057,87.1,0.096,79.2,0.119,84.6,0.002,83.0,,,0.002,,5.6,-8.0,-9.2,-34.1,-9.3,-1.5,,0.05,-0.17,-0.68,-1.5,-0.33,-2.7,,0.309,0.7,0.472,0.657,0.8590000000000001,0.782,0.417,0.602,0.103,64,105,77,111,110,107,0.203,0.084,4.48,3.95,0.05,0.342,,0.067,0.006,,0.183,0.1889999999999999,0.09,0.0069999999999999,0.0,0.1159999999999999,,,,93.3,,86.9,84.3,,92.4,83.3,79.1,79.1,31.8,84.5,,,-1.7,,0.3,-7.0,,-3.7,2.2,2.7,3.9,-3.3,-2.1,,,10.2,,4.0,3.6,,5.0,0.5,-5.5,-7.5,8.4,4.8,,,-6.9,,-15.7,-4.9,,23.9,0.6,-32.2,-0.6,-0.4,-4.9,,,-0.09,,-1.0,-3.76,,0.55,0.01,-1.52,-0.37,-6.79,-0.18,,,0.265,0.675,0.472,0.594,0.8540000000000001,0.782,0.505,23.8,4.6,1.1,-1.9,-0.7,23 - 36,0.119,0.4039999999999999,0.354,0.242,0.149,0.505,0.347,4.73,0.325,0.12,,0.099,0.34,0.065,0.002,,,0.186,0.1889999999999999,0.0,84.7,,79.4,93.6,87.1,83.3,,,92.7,83.7,80.5,-2.4,,2.8,-1.7,0.1,-4.1,,,-3.6,2.5,-3.2,3.4,,-7.1,9.1,2.9,0.9,,,3.7,-1.0,6.6,-7.5,,-32.8,-5.0,-10.5,-2.2,,,23.0,-3.7,0.0,-0.27,,-1.4,-0.06,-0.69,-5.68,,,0.52,-0.08,-0.67,0.27,0.6659999999999999,0.472,0.593,0.855,0.782,0.511,23.8,16.7,89,99,88,105,114,104,103,99,98,88,99,101,100,99,111,101,102,97,91,98,108,89.3,13.0,337,0.079,118.5,1677,0.391,4290,0.166,0.2689999999999999,
23,23,23,23,23,23,23,24,2021,WSN,30,65,97,4.82,731,162,1,0,36,34,1394.1,6073,1364,820,747,247,548,46,71,43,1,1346,1649,1546,828,160,8774,14958,23732,724,124,81,10,8.69,3.54,2.46,8.8,1.59,0.25,1.37,0.289,0.71,4.87,1.07,0.206,0.41,0.384,0.103,0.16,0.075,0.123,67.7,824.4,-1.1,560.6,66.5,6.8,$54.5,5.14,4.53,-11.19,-116.85,105.66,-106.59,-10.9,1.01,0.93,1.04,1.09,569,-5.55,-5.56,0.532,93.2,0.216,82.9,0.0819999999999999,89.3,0.093,76.3,0.069,85.1,0.008,87.5,,,0.0069999999999999,,-71.2,13.0,-14.9,-1.1,-17.0,-0.8,,-0.56,0.25,-0.77,-0.05,-1.04,-0.43,,0.307,0.682,0.4639999999999999,0.63,0.855,0.768,0.419,0.608,0.107,92,123,112,114,113,107,0.222,0.09,4.37,4.67,-0.05,0.319,,0.086,0.008,,0.213,0.193,0.109,,0.0,0.07,,,,92.9,,89.4,87.6,,93.5,82.9,77.1,,46.6,85.0,,,-1.7,,0.3,-5.3,,-2.1,0.4,5.3,,0.9,-2.2,,,9.7,,5.8,3.4,,6.7,1.1,-4.6,,5.8,3.7,,,-41.9,,-12.0,-0.3,,-24.0,14.5,-0.3,,0.6,-15.0,,,-0.55,,-0.59,-0.16,,-0.48,0.32,-0.01,,14.19,-0.91,,,0.263,0.6579999999999999,0.4639999999999999,0.5539999999999999,0.8490000000000001,0.767,0.51,24.3,4.0,-0.3,-2.5,-2.8,22 - 37,0.131,0.377,0.354,0.2689999999999999,0.165,0.506,0.3289999999999999,4.58,0.353,0.067,,0.083,0.35,0.087,0.008,,,0.184,0.221,0.0,85.1,,77.6,93.3,89.4,87.7,,,93.2,82.1,88.2,-2.2,,3.5,-2.1,1.1,-4.9,,,-0.9,1.9,-1.7,2.1,,-7.4,8.5,4.5,1.9,,,4.9,-0.8,5.5,-18.1,,-2.1,-40.1,-11.9,0.7,,,-23.9,17.4,-0.1,-1.14,,-0.11,-0.49,-0.58,0.37,,,-0.55,0.33,-1.11,0.268,0.649,0.4639999999999999,0.556,0.85,0.768,0.516,24.3,-6.8,97,104,93,107,130,105,106,101,98,95,102,99,94,108,117,95,101,108,99,99,103,89.0,13.3,381,0.093,116.0,1622,0.395,4108,0.162,0.27,
24,24,24,24,24,24,24,19,2021,COL,28,74,87,4.83,704,161,3,1,33,27,1397.0,6044,1397,796,749,196,539,19,63,67,3,1269,1839,1371,895,109,8460,14500,22960,739,123,66,15,8.18,3.47,2.35,9.0,1.26,0.257,1.39,0.302,0.698,4.47,1.34,0.218,0.4479999999999999,0.3339999999999999,0.08,0.143,0.067,0.2269999999999999,115.3,829.9,17.9,559.4,133.2,13.8,$110.2,5.63,4.38,1.87,-109.22,111.09,6.88,-0.32,1.01,0.92,1.07,1.13,543,2.93,-1.08,0.508,94.3,0.298,85.8,0.009,88.3,0.085,80.5,0.099,85.6,0.001,84.1,,,0.003,,-74.9,-12.1,6.0,8.8,0.4,-0.8,,-0.64,-0.18,2.85,0.45,0.02,-5.29,,0.2789999999999999,0.698,0.462,0.605,0.8590000000000001,0.772,0.436,0.598,0.105,72,142,92,100,100,103,0.21,0.089,4.42,4.76,0.36,0.446,,0.0069999999999999,0.001,,0.062,0.28,0.071,0.035,,0.099,,,,94.3,,87.8,85.3,,93.8,86.2,79.8,81.7,,85.5,,,-2.9,,0.9,0.5,,-5.0,1.1,3.3,0.2,,-2.0,,,7.8,,2.8,6.3,,4.4,1.8,-3.2,-4.2,,4.2,,,-44.8,,-4.9,-1.0,,-18.5,1.2,8.9,5.6,,3.4,,,-0.44,,-3.12,-5.57,,-1.3,0.02,0.54,0.7,,0.15,,,0.237,0.6679999999999999,0.462,0.524,0.851,0.7709999999999999,0.521,23.9,15.0,-4.0,5.2,1.2,24 - 36,0.121,0.401,0.357,0.242,0.144,0.508,0.348,4.7,0.332,0.099,,0.064,0.449,0.0279999999999999,,,,0.06,0.3,0.0,85.6,,80.4,94.5,86.8,,,,93.8,85.5,93.7,-2.0,,2.0,-2.7,-0.4,,,,-4.7,1.8,1.5,3.3,,-5.4,7.0,2.3,,,,3.4,0.1,9.2,1.6,,6.6,-49.9,1.3,,,,-11.6,2.0,0.0,0.07,,0.44,-0.48,0.2,,,,-0.85,0.03,-1.16,0.244,0.66,0.462,0.526,0.8540000000000001,0.7709999999999999,0.523,23.9,0.6,91,102,90,109,103,108,107,105,96,90,101,105,103,94,104,101,101,97,87,99,108,88.8,11.2,297,0.071,116.0,1572,0.377,4173,0.166,0.271,
25,25,25,25,25,25,25,8,2021,MIN,29,73,89,4.83,691,162,1,0,42,21,1419.1,6080,1392,834,762,239,484,13,62,48,3,1317,1705,1590,867,144,8377,15337,23714,729,121,52,15,8.35,3.07,2.72,8.83,1.52,0.252,1.32,0.29,0.6890000000000001,4.66,1.07,0.208,0.41,0.382,0.091,0.15,0.071,0.288,46.3,791.7,16.1,616.2,62.4,6.8,$54.7,4.86,4.44,-1.77,-111.24,109.47,-93.39,-9.36,1.0,0.94,1.08,1.14,528,-4.94,3.17,0.489,92.3,0.237,83.2,0.039,89.2,0.087,79.7,0.1119999999999999,84.7,0.035,86.9,0.001,45.5,0.002,,-25.8,-29.9,0.2,-10.9,-10.6,-7.7,-0.2,-0.22,-0.53,0.02,-0.53,-0.4,-0.93,-0.74,0.3279999999999999,0.7040000000000001,0.484,0.644,0.867,0.779,0.415,0.615,0.107,89,160,95,113,110,104,0.217,0.08,4.28,4.62,0.17,0.374,,0.043,0.036,,0.115,0.231,0.065,0.021,0.002,0.11,,,,92.3,,88.8,84.6,,92.0,83.2,78.4,82.9,45.2,85.4,,,-3.1,,0.9,-7.4,,-2.9,0.4,3.4,1.8,-2.0,-4.9,,,9.5,,4.6,1.9,,4.9,1.5,-4.9,-5.3,6.0,4.0,,,-22.0,,1.6,0.0,,6.4,-25.5,-13.1,7.6,-0.5,-12.4,,,-0.25,,0.16,0.01,,0.23,-0.47,-0.85,1.5,-1.23,-0.47,,,0.29,0.6779999999999999,0.484,0.579,0.861,0.777,0.502,24.0,3.1,0.7,-4.5,-3.8,24 - 38,0.1369999999999999,0.428,0.3329999999999999,0.239,0.154,0.509,0.337,4.51,0.336,0.11,0.002,0.084,0.39,0.046,0.036,,,0.1009999999999999,0.231,0.0,85.5,73.9,79.8,92.2,88.6,84.8,,,92.3,83.2,88.6,-4.7,6.6,3.3,-2.5,1.4,-7.0,,,-3.9,0.9,1.2,2.6,-9.4,-6.9,8.2,2.9,0.4,,,3.5,0.0,2.9,-11.5,-0.9,-4.8,-28.4,-4.0,-0.2,,,10.6,-19.2,0.0,-0.44,-2.21,-0.24,-0.31,-0.37,-0.02,,,0.45,-0.35,-0.2,0.294,0.67,0.484,0.583,0.86,0.777,0.507,24.0,5.9,94,94,100,104,118,103,102,99,96,94,94,102,97,103,112,107,96,95,94,99,105,89.7,13.6,392,0.093,118.3,1758,0.417,4217,0.16,0.267,
26,26,26,26,26,26,26,17,2021,CHC,29,71,91,4.88,761,162,1,0,40,17,1412.2,6202,1386,839,766,235,596,25,98,60,4,1358,1827,1370,878,108,8900,14977,23877,705,105,71,16,8.65,3.8,2.28,8.83,1.5,0.252,1.4,0.294,0.7090000000000001,4.88,1.33,0.215,0.4479999999999999,0.336,0.079,0.172,0.057,0.225,19.1,779.8,15.4,622.6,34.5,3.8,$30.1,5.24,4.43,-4.48,-109.69,105.21,-112.8,-11.26,0.96,0.89,1.03,1.08,599,-9.72,5.03,0.5589999999999999,91.6,0.13,84.4,0.084,88.8,0.108,78.9,0.114,81.2,0.003,86.7,0.0,61.0,0.003,,-89.1,25.2,-12.3,4.4,-34.2,1.3,-0.9,-0.67,0.81,-0.61,0.17,-1.25,1.75,-17.74,0.31,0.6679999999999999,0.455,0.643,0.8590000000000001,0.7709999999999999,0.4029999999999999,0.6,0.104,73,140,101,117,117,104,0.2189999999999999,0.096,4.39,4.49,0.0,0.275,,0.062,,,0.2789999999999999,0.157,0.083,0.025,,0.119,,,,93.0,,89.5,,,90.2,84.7,77.6,82.1,,81.3,,,-2.5,,0.2,,,-7.3,2.0,4.5,3.8,,-8.2,,,9.0,,5.3,,,6.0,1.3,-5.6,-5.8,,4.5,,,-34.1,,-5.2,,,-46.8,25.4,-5.2,7.5,,-30.0,,,-0.52,,-0.35,,,-0.7,0.68,-0.26,1.28,,-1.06,,,0.264,0.648,0.455,0.564,0.853,0.769,0.499,23.6,3.0,-1.8,1.0,-0.8,24 - 36,0.123,0.408,0.352,0.24,0.16,0.522,0.318,4.68,0.353,0.114,0.0,0.102,0.284,0.083,0.003,,,0.272,0.142,0.0,81.3,48.3,78.7,93.0,89.1,86.8,,,90.4,84.7,79.9,-7.8,-6.0,5.0,-2.3,1.8,-6.5,,,-7.0,2.0,-5.3,3.1,-6.6,-7.6,7.9,3.2,1.6,,,4.6,-0.5,4.8,-31.1,0.0,4.0,-32.6,12.5,1.4,,,-48.0,8.5,0.0,-1.14,-3.58,0.16,-0.48,0.63,1.87,,,-0.74,0.25,-1.24,0.271,0.635,0.455,0.5670000000000001,0.8540000000000001,0.77,0.506,23.6,-4.3,97,111,87,107,122,106,108,102,98,94,108,103,103,94,125,103,100,96,96,102,99,88.6,10.9,336,0.081,117.1,1625,0.392,4150,0.1689999999999999,0.273,
27,27,27,27,27,27,27,27,2021,PIT,27,61,101,5.08,745,162,0,0,25,24,1396.1,6140,1400,833,788,213,606,26,78,55,5,1312,1672,1538,878,147,8867,15178,24045,609,109,55,8,8.46,3.91,2.17,9.02,1.37,0.257,1.44,0.302,0.701,4.74,1.09,0.215,0.409,0.376,0.096,0.138,0.065,0.145,42.3,749.0,12.5,635.2,54.8,5.7,$45.8,5.06,4.7,-10.24,-106.29,96.04,-127.33,-12.59,0.9,0.84,0.94,0.95,583,-9.87,-1.49,0.496,93.2,0.206,85.3,0.03,86.5,0.138,79.3,0.106,85.3,0.024,85.3,,,0.004,,-65.4,9.3,4.5,-26.3,-22.8,0.2,,-0.55,0.19,0.61,-0.79,-0.89,0.04,,0.306,0.693,0.467,0.628,0.853,0.767,0.416,0.594,0.109,74,115,87,121,111,111,0.214,0.099,4.54,3.93,0.34,0.406,,0.035,0.022,,0.091,0.201,0.125,0.013,,0.108,,,,93.2,,86.1,85.3,,92.9,85.2,79.2,79.6,,85.2,,,-2.4,,-0.2,3.1,,-6.5,1.8,3.9,5.2,,-3.0,,,9.5,,5.2,2.5,,5.7,1.0,-5.9,-5.9,,4.5,,,-46.9,,2.9,-0.5,,-10.2,12.4,-25.1,-0.4,,-18.9,,,-0.48,,0.35,-0.09,,-0.47,0.26,-0.83,-0.14,,-0.73,,,0.267,0.667,0.467,0.5539999999999999,0.85,0.765,0.5,24.0,1.1,-4.3,-0.3,-4.6,21 - 33,0.115,0.408,0.344,0.248,0.16,0.505,0.335,4.77,0.347,0.108,,0.149,0.4039999999999999,0.03,0.022,,,0.094,0.193,0.0,85.5,,79.7,93.4,86.4,85.4,,,93.1,85.7,90.5,-2.9,,4.1,-2.2,-0.3,3.1,,,-5.9,2.4,-3.0,3.1,,-7.2,8.5,4.2,1.3,,,4.4,0.0,3.6,-21.2,,-17.7,-48.2,3.7,-0.5,,,-10.1,6.5,-0.1,-0.82,,-0.49,-0.5,0.52,-0.09,,,-0.45,0.14,-1.39,0.271,0.6579999999999999,0.467,0.556,0.85,0.7659999999999999,0.505,24.0,7.1,94,115,82,110,112,108,111,105,97,92,111,103,94,106,101,103,98,99,97,98,104,88.8,13.6,336,0.081,117.9,1584,0.382,4144,0.161,0.27,
28,28,28,28,28,28,28,15,2021,ARI,28,52,110,5.15,727,162,3,3,22,28,1417.1,6270,1480,893,811,232,555,45,75,43,7,1238,1741,1680,907,168,8589,15239,23828,679,129,71,14,7.86,3.52,2.23,9.4,1.47,0.262,1.44,0.299,0.682,4.88,1.04,0.21,0.402,0.3879999999999999,0.1,0.138,0.074,0.1969999999999999,46.0,814.9,-16.8,590.3,29.2,3.3,$26.4,5.2,4.85,-17.28,-113.71,96.43,-160.48,-16.45,0.91,0.83,0.97,1.0,565,-12.75,-6.33,0.532,92.2,0.175,84.0,0.055,88.3,0.091,79.1,0.141,84.9,0.005,84.5,0.0,62.5,0.0069999999999999,,-115.7,-11.9,1.9,-10.1,-25.8,0.2,-0.2,-0.91,-0.29,0.15,-0.46,-0.77,0.12,-8.69,0.292,0.695,0.4679999999999999,0.669,0.8690000000000001,0.7979999999999999,0.437,0.595,0.094,68,108,104,121,118,114,0.1969999999999999,0.089,4.64,4.31,0.27,0.371,,0.086,0.01,,0.16,0.118,0.104,0.0139999999999999,,0.1369999999999999,,,,92.2,,87.3,81.7,,92.1,85.0,78.7,79.1,,85.1,,,-1.5,,-0.6,-2.6,,-6.1,1.1,0.8,2.8,,-4.7,,,9.6,,5.4,2.8,,4.6,1.5,-3.2,-6.2,,4.2,,,-68.6,,7.2,3.8,,-38.8,-19.7,4.2,-1.5,,-20.7,,,-0.78,,0.35,1.67,,-1.02,-0.7,0.17,-0.43,,-0.63,,,0.247,0.664,0.4679999999999999,0.601,0.862,0.797,0.53,23.7,-1.8,-3.7,-1.4,-5.1,23 - 37,0.109,0.41,0.341,0.249,0.143,0.497,0.361,4.85,0.3229999999999999,0.135,,0.104,0.375,0.083,0.011,,,0.158,0.133,0.001,85.0,,78.8,92.2,87.5,83.6,,,92.1,84.3,89.4,-4.3,,1.1,-1.2,-0.9,-4.8,,,-6.0,1.5,-2.4,2.7,,-5.6,8.4,4.2,1.3,,,3.2,-0.2,2.9,-18.3,,-3.5,-67.8,4.4,2.4,,,-42.1,-10.8,0.4,-0.57,,-0.14,-0.76,0.22,0.9,,,-1.12,-0.34,2.0,0.252,0.6559999999999999,0.4679999999999999,0.603,0.863,0.7979999999999999,0.536,23.7,-2.6,88,103,85,114,120,110,111,104,94,85,100,101,92,109,101,103,97,100,86,97,112,89.1,14.2,360,0.0819999999999999,114.9,1725,0.392,4402,0.1669999999999999,0.262,
29,29,29,29,29,29,29,2,2021,BAL,28,52,110,5.85,731,162,1,1,26,27,1402.0,6252,1518,956,911,258,563,12,68,88,7,1234,1727,1707,919,183,9025,15449,24474,659,109,34,7,7.92,3.61,2.19,9.74,1.66,0.27,1.48,0.305,0.667,5.15,1.01,0.211,0.397,0.392,0.107,0.151,0.063,0.206,52.6,731.6,22.2,658.5,74.7,7.8,$62.6,5.49,4.91,-15.85,-112.96,97.11,-215.5,-21.12,0.91,0.86,1.01,1.05,569,-14.48,-2.91,0.51,93.0,0.161,85.8,0.052,88.0,0.113,79.1,0.157,83.3,0.004,84.2,0.003,77.2,0.002,,-106.0,-24.1,-13.1,-30.2,-3.1,-1.3,-5.3,-0.85,-0.61,-1.02,-1.09,-0.08,-1.39,-8.57,0.301,0.6890000000000001,0.469,0.6629999999999999,0.851,0.7829999999999999,0.433,0.602,0.102,61,122,108,133,113,114,0.1969999999999999,0.09,4.64,4.23,0.7,0.4039999999999999,,0.055,0.003,,0.104,0.161,0.086,0.024,,0.159,,0.002,,92.9,,87.9,83.2,,93.4,85.7,78.4,81.1,,83.2,,77.9,-0.4,,1.8,-6.3,,-8.0,-0.4,0.3,2.8,,-1.4,,-1.7,10.1,,5.0,3.3,,5.6,1.6,-4.9,-6.0,,4.7,,1.9,-80.7,,-18.7,-1.7,,-12.4,-20.9,-17.0,-5.6,,-3.2,,-5.1,-0.82,,-1.38,-2.27,,-0.49,-0.53,-0.8,-0.94,,-0.08,,-8.96,0.257,0.6629999999999999,0.469,0.597,0.848,0.782,0.522,22.0,-3.6,-4.0,-7.4,-11.4,24 - 36,0.107,0.4029999999999999,0.348,0.249,0.162,0.51,0.3279999999999999,4.87,0.3289999999999999,0.159,,0.1119999999999999,0.409,0.034,0.001,0.003,,0.1009999999999999,0.18,0.0,83.3,,79.1,92.9,88.6,84.8,76.9,,93.3,85.9,79.3,-1.3,,1.2,-0.4,2.1,-5.0,-1.6,,-7.7,-0.2,-3.3,3.1,,-6.9,8.9,3.7,-0.2,0.2,,4.1,0.6,8.5,-2.4,,-29.4,-82.9,-16.3,1.1,-5.3,,-13.1,-15.7,0.0,-0.06,,-1.07,-0.83,-1.95,3.19,-8.57,,-0.53,-0.36,-4.97,0.264,0.653,0.469,0.597,0.8490000000000001,0.782,0.526,22.0,-21.3,90,111,80,115,129,111,114,105,93,86,106,103,94,105,112,100,100,99,99,99,102,89.9,14.7,411,0.094,121.1,1809,0.412,4387,0.161,0.263,
